**********************
Windows PowerShell transcript start
Start time: 20260819225106
Username: DESKTOP-LE24ARK\Ramchandra Murthy
RunAs User: DESKTOP-LE24ARK\Ramchandra Murthy
Configuration Name: 
Machine: DESKTOP-LE24ARK (Microsoft Windows NT 10.0.19045.0)
Host Application: C:\Windows\System32\WindowsPowerShell\v1.0\powershell.exe
Process ID: 10728
PSVersion: 5.1.19041.6456
PSEdition: Desktop
PSCompatibleVersions: 1.0, 2.0, 3.0, 4.0, 5.0, 5.1.19041.6456
BuildVersion: 10.0.19041.6456
CLRVersion: 4.0.30319.42000
WSManStackVersion: 3.0
PSRemotingProtocolVersion: 2.3
SerializationVersion: 1.1.0.1
**********************
Transcript started, output file is .\logs\block106_contract_inspection_20260819_225106.log

======================================================================
       EROS 3.0 - BLOCK 106 FINAL CONTRACT INSPECTION
======================================================================
READ ONLY - NO SOURCE FILES MODIFIED
READ ONLY - NO GIT COMMIT
NO LIVE EXECUTION

1. GIT BASELINE
----------------------------------------------------------------------
BRANCH:
feature/eros-3-0-sprint19

HEAD:
29bfca9 (HEAD -> feature/eros-3-0-sprint19, origin/feature/eros-3-0-sprint19) EROS 3.0: integrate Block 105 command cen
ter dashboard

STATUS:
?? logs/

2. BLOCK 100 EXACT SOURCE
----------------------------------------------------------------------
from __future__ import annotations

from copy import deepcopy
from datetime import datetime, timezone
from hashlib import sha256
from typing import Any, Dict, List, Mapping, Optional


BLOCK_ID = "100"
ENGINE_VERSION = "EROS-3.0-BLOCK-100"

STATUS_CERTIFIED = "CERTIFIED"
STATUS_BLOCKED = "BLOCKED"

EXECUTION_SIMULATED = "SIMULATED"
EXECUTION_PARTIAL = "PARTIAL"
EXECUTION_REJECTED = "REJECTED"
EXECUTION_BLOCKED = "BLOCKED"

ALLOWED_ACTIONS = {"BUY", "SELL", "HOLD"}


def _text(value: Any) -> str:
    if value is None:
        return ""
    return str(value).strip()


def _number(value: Any) -> Optional[float]:
    try:
        if value is None:
            return None
        return float(value)
    except (TypeError, ValueError):
        return None


class EROSBlock100PaperExecutionFillGate:
    """
    EROS 3.0 Block 100.

    Paper Execution & Fill Validation Gate.

    Block 100 consumes a certified Block 99 execution-intent
    authorization and produces a deterministic paper-execution
    result.

    This block NEVER:
        - submits to a broker
        - creates a live order
        - performs live execution
        - mutates portfolio state
        - mutates valuation
        - mutates performance
        - mutates risk
        - performs optimization
    """

    def __init__(
        self,
        *,
        buy_slippage_bps: float = 5.0,
        sell_slippage_bps: float = 5.0,
        transaction_cost_bps: float = 10.0,
        max_fill_ratio: float = 1.0,
    ) -> None:

        if buy_slippage_bps < 0:
            raise ValueError(
                "buy_slippage_bps must be non-negative"
            )

        if sell_slippage_bps < 0:
            raise ValueError(
                "sell_slippage_bps must be non-negative"
            )

        if transaction_cost_bps < 0:
            raise ValueError(
                "transaction_cost_bps must be non-negative"
            )

        if not 0 < max_fill_ratio <= 1:
            raise ValueError(
                "max_fill_ratio must be between 0 and 1"
            )

        self.buy_slippage_bps = float(
            buy_slippage_bps
        )
        self.sell_slippage_bps = float(
            sell_slippage_bps
        )
        self.transaction_cost_bps = float(
            transaction_cost_bps
        )
        self.max_fill_ratio = float(
            max_fill_ratio
        )

        self._execution_records: List[
            Dict[str, Any]
        ] = []

    # ---------------------------------------------------------
    # Public API
    # ---------------------------------------------------------

    def certify(
        self,
        *,
        intent: Mapping[str, Any],
        fill_ratio: float = 1.0,
    ) -> Dict[str, Any]:

        source = deepcopy(dict(intent))

        validation = self._validate_intent(
            intent=source
        )

        if validation["status"] != STATUS_CERTIFIED:
            result = self._blocked_result(
                source,
                validation["reason_code"],
            )
            self._execution_records.append(
                deepcopy(result)
            )
            return result

        action = _text(
            source.get("action")
        ).upper()

        if action == "HOLD":
            result = self._blocked_result(
                source,
                "HOLD_NO_PAPER_FILL",
            )
            self._execution_records.append(
                deepcopy(result)
            )
            return result

        try:
            fill_ratio_value = float(fill_ratio)
        except (TypeError, ValueError):
            return self._blocked_result(
                source,
                "INVALID_FILL_RATIO",
            )

        if not 0 < fill_ratio_value <= 1:
            result = self._blocked_result(
                source,
                "INVALID_FILL_RATIO",
            )
            self._execution_records.append(
                deepcopy(result)
            )
            return result

        fill_ratio_value = min(
            fill_ratio_value,
            self.max_fill_ratio,
        )

        symbol = _text(
            source.get("symbol")
        ).upper()

        quantity = _number(
            source.get(
                "quantity",
                source.get(
                    "requested_quantity"
                ),
            )
        )

        reference_price = _number(
            source.get(
                "reference_price",
                source.get("price"),
            )
        )

        assert quantity is not None
        assert reference_price is not None

        filled_quantity = round(
            quantity * fill_ratio_value,
            6,
        )

        if filled_quantity <= 0:
            result = self._blocked_result(
                source,
                "ZERO_FILL",
            )
            self._execution_records.append(
                deepcopy(result)
            )
            return result

        if action == "BUY":
            slippage_bps = (
                self.buy_slippage_bps
            )
            fill_price = (
                reference_price
                * (
                    1.0
                    + slippage_bps
                    / 10000.0
                )
            )
        else:
            slippage_bps = (
                self.sell_slippage_bps
            )
            fill_price = (
                reference_price
                * (
                    1.0
                    - slippage_bps
                    / 10000.0
                )
            )

        fill_price = round(
            fill_price,
            6,
        )

        gross_value = round(
            filled_quantity
            * fill_price,
            6,
        )

        benchmark_value = (
            filled_quantity
            * reference_price
        )

        if action == "BUY":
            slippage_value = round(
                gross_value
                - benchmark_value,
                6,
            )
        else:
            slippage_value = round(
                benchmark_value
                - gross_value,
                6,
            )

        transaction_cost = round(
            gross_value
            * self.transaction_cost_bps
            / 10000.0,
            6,
        )

        if action == "BUY":
            net_value = round(
                gross_value
                + transaction_cost,
                6,
            )
        else:
            net_value = round(
                gross_value
                - transaction_cost,
                6,
            )

        fill_status = (
            "FILLED"
            if fill_ratio_value >= 1.0
            else "PARTIAL"
        )

        execution_status = (
            EXECUTION_SIMULATED
            if fill_status == "FILLED"
            else EXECUTION_PARTIAL
        )

        execution_id = self._execution_id(
            source,
            fill_ratio_value,
        )

        result = {
            "status": STATUS_CERTIFIED,
            "execution_status": execution_status,
            "execution_id": execution_id,
            "block_id": BLOCK_ID,
            "engine_version": ENGINE_VERSION,
            "created_at": datetime.now(
                timezone.utc
            ).isoformat(),

            "source_block": "99",
            "source_intent_id": _text(
                source.get("intent_id")
            ),
            "source_readiness_id": _text(
                source.get(
                    "source_readiness_id"
                )
            ),
            "source_governance_id": _text(
                source.get(
                    "source_governance_id"
                )
            ),

            "symbol": symbol,
            "action": action,
            "requested_quantity": quantity,
            "filled_quantity": filled_quantity,
            "reference_price": reference_price,
            "fill_price": fill_price,
            "gross_value": gross_value,
            "slippage_value": slippage_value,
            "slippage_bps": slippage_bps,
            "transaction_cost": transaction_cost,
            "net_value": net_value,
            "fill_status": fill_status,

            "execution_reason": (
                "Authorized paper execution "
                "simulated without broker "
                "submission."
            ),

            "non_mutation_invariant": True,
            "broker_submission": False,
            "live_order_submission": False,
            "execution_blocked": True,
        }

        self._execution_records.append(
            deepcopy(result)
        )

        return result

    def snapshot(self) -> Dict[str, Any]:
        return {
            "block_id": BLOCK_ID,
            "engine_version": ENGINE_VERSION,
            "execution_count": len(
                self._execution_records
            ),
            "executions": deepcopy(
                self._execution_records
            ),
        }

    # ---------------------------------------------------------
    # Validation
    # ---------------------------------------------------------

    def _validate_intent(
        self,
        *,
        intent: Mapping[str, Any],
    ) -> Dict[str, Any]:

        if not isinstance(
            intent,
            Mapping,
        ):
            return self._validation_blocked(
                "MALFORMED_EXECUTION_INTENT"
            )

        if _text(
            intent.get("status")
        ) != STATUS_CERTIFIED:
            return self._validation_blocked(
                "SOURCE_STATUS_NOT_CERTIFIED"
            )

        if _text(
            intent.get("block_id")
        ) != "99":
            return self._validation_blocked(
                "INVALID_SOURCE_BLOCK"
            )

        if not _text(
            intent.get("intent_id")
        ):
            return self._validation_blocked(
                "MISSING_INTENT_ID"
            )

        authorization_status = _text(
            intent.get(
                "authorization_status"
            )
        ).upper()

        if authorization_status != "AUTHORIZED":
            return self._validation_blocked(
                "INTENT_NOT_AUTHORIZED"
            )

        intent_status = _text(
            intent.get("intent_status")
        ).upper()

        if intent_status != "AUTHORIZED":
            return self._validation_blocked(
                "INVALID_INTENT_STATUS"
            )

        if not _text(
            intent.get("source_readiness_id")
        ):
            return self._validation_blocked(
                "MISSING_SOURCE_READINESS_ID"
            )

        if not _text(
            intent.get("source_governance_id")
        ):
            return self._validation_blocked(
                "MISSING_SOURCE_GOVERNANCE_ID"
            )

        symbol = _text(
            intent.get("symbol")
        )

        if not symbol:
            return self._validation_blocked(
                "MISSING_SYMBOL"
            )

        action = _text(
            intent.get("action")
        ).upper()

        if action not in ALLOWED_ACTIONS:
            return self._validation_blocked(
                "INVALID_ACTION"
            )

        quantity = _number(
            intent.get(
                "quantity",
                intent.get(
                    "requested_quantity"
                ),
            )
        )

        if quantity is None:
            return self._validation_blocked(
                "INVALID_QUANTITY"
            )

        if action in {"BUY", "SELL"}:
            if quantity <= 0:
                return self._validation_blocked(
                    "INVALID_QUANTITY"
                )

        reference_price = _number(
            intent.get(
                "reference_price",
                intent.get("price"),
            )
        )

        if reference_price is None:
            return self._validation_blocked(
                "INVALID_REFERENCE_PRICE"
            )

        if action in {"BUY", "SELL"}:
            if reference_price <= 0:
                return self._validation_blocked(
                    "INVALID_REFERENCE_PRICE"
                )

        if intent.get(
            "execution_allowed"
        ) is not True:
            return self._validation_blocked(
                "EXECUTION_PERMISSION_NOT_GRANTED"
            )

        if intent.get(
            "non_mutation_invariant"
        ) is not True:
            return self._validation_blocked(
                "NON_MUTATION_INVARIANT_FAILED"
            )

        if intent.get(
            "broker_submission"
        ) is not False:
            return self._validation_blocked(
                "BROKER_SUBMISSION_INVARIANT_FAILED"
            )

        if intent.get(
            "live_order_submission"
        ) is not False:
            return self._validation_blocked(
                "LIVE_ORDER_SUBMISSION_INVARIANT_FAILED"
            )

        if intent.get(
            "execution_blocked"
        ) is not True:
            return self._validation_blocked(
                "EXECUTION_BLOCK_INVARIANT_FAILED"
            )

        return {
            "status": STATUS_CERTIFIED
        }

    # ---------------------------------------------------------
    # Helpers
    # ---------------------------------------------------------

    @staticmethod
    def _validation_blocked(
        reason: str,
    ) -> Dict[str, Any]:

        return {
            "status": STATUS_BLOCKED,
            "reason_code": reason,
        }

    def _blocked_result(
        self,
        intent: Mapping[str, Any],
        reason: str,
    ) -> Dict[str, Any]:

        execution_id = self._execution_id(
            intent,
            0.0,
        )

        return {
            "status": STATUS_BLOCKED,
            "execution_status": (
                EXECUTION_BLOCKED
            ),
            "execution_id": execution_id,
            "block_id": BLOCK_ID,
            "engine_version": ENGINE_VERSION,
            "created_at": datetime.now(
                timezone.utc
            ).isoformat(),

            "source_block": "99",
            "source_intent_id": _text(
                intent.get("intent_id")
            ),
            "source_readiness_id": _text(
                intent.get(
                    "source_readiness_id"
                )
            ),
            "source_governance_id": _text(
                intent.get(
                    "source_governance_id"
                )
            ),

            "symbol": _text(
                intent.get("symbol")
            ).upper(),
            "action": _text(
                intent.get("action")
            ).upper(),

            "requested_quantity": _number(
                intent.get(
                    "quantity",
                    intent.get(
                        "requested_quantity"
                    ),
                )
            ) or 0.0,

            "filled_quantity": 0.0,

            "reference_price": _number(
                intent.get(
                    "reference_price",
                    intent.get("price"),
                )
            ) or 0.0,

            "fill_price": 0.0,
            "gross_value": 0.0,
            "slippage_value": 0.0,
            "slippage_bps": 0.0,
            "transaction_cost": 0.0,
            "net_value": 0.0,
            "fill_status": "BLOCKED",

            "execution_reason": reason,

            "non_mutation_invariant": True,
            "broker_submission": False,
            "live_order_submission": False,
            "execution_blocked": True,
        }

    @staticmethod
    def _execution_id(
        intent: Mapping[str, Any],
        fill_ratio: float,
    ) -> str:

        raw = "|".join(
            [
                _text(
                    intent.get("intent_id")
                ),
                _text(
                    intent.get("symbol")
                ),
                _text(
                    intent.get("action")
                ),
                str(
                    intent.get(
                        "quantity",
                        intent.get(
                            "requested_quantity",
                            0.0,
                        ),
                    )
                ),
                str(
                    intent.get(
                        "reference_price",
                        intent.get(
                            "price",
                            0.0,
                        ),
                    )
                ),
                str(fill_ratio),
            ]
        )

        digest = sha256(
            raw.encode("utf-8")
        ).hexdigest()[:20].upper()

        return (
            "EROS100-PAPER-"
            + digest
        )


__all__ = [
    "EROSBlock100PaperExecutionFillGate",
]

3. BLOCK 101 EXACT SOURCE
----------------------------------------------------------------------
from __future__ import annotations

from copy import deepcopy
from datetime import datetime, timezone
from hashlib import sha256
from numbers import Number
from typing import Any, Dict, Mapping


STATUS_CERTIFIED = "CERTIFIED"
STATUS_BLOCKED = "BLOCKED"

RECONCILED = "RECONCILED"
EXCEPTION = "EXCEPTION"
BLOCKED = "BLOCKED"

ENGINE_VERSION = "EROS-3.0-BLOCK-101"


def _text(value: Any) -> str:
    return str(value).strip() if value is not None else ""


def _number(value: Any):
    if isinstance(value, bool):
        return None

    if isinstance(value, Number):
        return float(value)

    try:
        return float(value)
    except (TypeError, ValueError):
        return None


def _id(prefix: str, payload: Mapping[str, Any]) -> str:
    raw = repr(sorted(payload.items())).encode("utf-8")
    digest = sha256(raw).hexdigest().upper()[:20]
    return f"{prefix}-{digest}"


class EROSBlock101ExecutionEvidenceReconciliationGate:
    """
    EROS 3.0 Block 101

    Paper Execution Evidence Reconciliation Gate.

    Consumes certified Block 100 paper-execution evidence and
    deterministically reconciles execution, fill, quantity, price,
    value, cost, and lineage evidence.

    This block performs no portfolio mutation, no order creation,
    no broker submission, and no live execution.
    """

    def __init__(self) -> None:
        self._reconciliation = []

    @property
    def engine_version(self) -> str:
        return ENGINE_VERSION

    def certify(
        self,
        *,
        execution: Mapping[str, Any],
    ) -> Dict[str, Any]:

        source = deepcopy(dict(execution))

        validation = self._validate(source)

        if validation["status"] != STATUS_CERTIFIED:
            result = self._blocked(
                source,
                validation["reason_code"],
            )
            self._reconciliation.append(deepcopy(result))
            return result

        result = self._reconcile(source)

        self._reconciliation.append(deepcopy(result))
        return result

    def evaluate(
        self,
        *,
        execution: Mapping[str, Any],
    ) -> Dict[str, Any]:
        return self.certify(execution=execution)

    def snapshot(self) -> Dict[str, Any]:
        return {
            "status": STATUS_CERTIFIED,
            "block_id": "101",
            "engine_version": ENGINE_VERSION,
            "reconciliation": deepcopy(
                self._reconciliation
            ),
        }

    def _validate(
        self,
        execution: Mapping[str, Any],
    ) -> Dict[str, Any]:

        if not isinstance(execution, Mapping):
            return self._invalid("MALFORMED_EXECUTION")

        if _text(execution.get("status")) != STATUS_CERTIFIED:
            return self._invalid(
                "SOURCE_STATUS_NOT_CERTIFIED"
            )

        if _text(execution.get("block_id")) != "100":
            return self._invalid(
                "INVALID_SOURCE_BLOCK"
            )

        if not _text(execution.get("execution_id")):
            return self._invalid(
                "MISSING_EXECUTION_ID"
            )

        if not _text(execution.get("source_intent_id")):
            return self._invalid(
                "MISSING_SOURCE_INTENT_ID"
            )

        execution_status = _text(
            execution.get("execution_status")
        ).upper()

        if execution_status not in {
            "SIMULATED",
            "PARTIAL",
            "BLOCKED",
        }:
            return self._invalid(
                "INVALID_EXECUTION_STATUS"
            )

        fill_status = _text(
            execution.get("fill_status")
        ).upper()

        if fill_status not in {
            "FILLED",
            "PARTIAL",
            "BLOCKED",
        }:
            return self._invalid(
                "INVALID_FILL_STATUS"
            )

        requested = _number(
            execution.get("requested_quantity")
        )

        filled = _number(
            execution.get("filled_quantity")
        )

        if requested is None or requested < 0:
            return self._invalid(
                "INVALID_REQUESTED_QUANTITY"
            )

        if filled is None or filled < 0:
            return self._invalid(
                "INVALID_FILLED_QUANTITY"
            )

        if filled > requested:
            return self._invalid(
                "FILLED_QUANTITY_EXCEEDS_REQUESTED"
            )

        reference_price = _number(
            execution.get("reference_price")
        )

        if reference_price is None:
            return self._invalid(
                "MISSING_REFERENCE_PRICE"
            )

        fill_price = _number(
            execution.get("fill_price")
        )

        if fill_status == "FILLED":
            if fill_price is None or fill_price <= 0:
                return self._invalid(
                    "INVALID_FILLED_PRICE"
                )

            if filled != requested:
                return self._invalid(
                    "FILLED_QUANTITY_MISMATCH"
                )

        if fill_status == "PARTIAL":
            if not (
                0 < filled < requested
            ):
                return self._invalid(
                    "INVALID_PARTIAL_QUANTITY"
                )

            if fill_price is None or fill_price <= 0:
                return self._invalid(
                    "INVALID_PARTIAL_PRICE"
                )

        if fill_status == "BLOCKED":
            if filled != 0:
                return self._invalid(
                    "BLOCKED_EXECUTION_HAS_FILL"
                )

        required_numeric = (
            "gross_value",
            "slippage_value",
            "slippage_bps",
            "transaction_cost",
            "net_value",
        )

        for field in required_numeric:
            if _number(execution.get(field)) is None:
                return self._invalid(
                    f"MISSING_{field.upper()}"
                )

        if execution.get(
            "non_mutation_invariant"
        ) is not True:
            return self._invalid(
                "NON_MUTATION_INVARIANT_FAILED"
            )

        if execution.get(
            "broker_submission"
        ) is not False:
            return self._invalid(
                "BROKER_SUBMISSION_INVARIANT_FAILED"
            )

        if execution.get(
            "live_order_submission"
        ) is not False:
            return self._invalid(
                "LIVE_ORDER_SUBMISSION_INVARIANT_FAILED"
            )

        if execution.get(
            "execution_blocked"
        ) is not True:
            return self._invalid(
                "EXECUTION_BLOCK_INVARIANT_FAILED"
            )

        return {
            "status": STATUS_CERTIFIED
        }

    def _reconcile(
        self,
        source: Mapping[str, Any],
    ) -> Dict[str, Any]:

        execution_status = _text(
            source.get("execution_status")
        ).upper()

        fill_status = _text(
            source.get("fill_status")
        ).upper()

        requested = float(
            source["requested_quantity"]
        )

        filled = float(
            source["filled_quantity"]
        )

        fill_ratio = (
            filled / requested
            if requested > 0
            else 0.0
        )

        quantity_reconciled = (
            filled <= requested
            and (
                fill_status != "FILLED"
                or filled == requested
            )
        )

        price_reconciled = (
            fill_status == "BLOCKED"
            or _number(source.get("fill_price")) is not None
        )

        value_reconciled = all(
            _number(source.get(field)) is not None
            for field in (
                "gross_value",
                "net_value",
            )
        )

        cost_reconciled = all(
            _number(source.get(field)) is not None
            for field in (
                "slippage_value",
                "slippage_bps",
                "transaction_cost",
            )
        )

        lineage_reconciled = (
            _text(source.get("block_id")) == "100"
            and bool(
                _text(source.get("execution_id"))
            )
            and bool(
                _text(source.get("source_intent_id"))
            )
        )

        if execution_status == "BLOCKED":
            reconciliation_status = BLOCKED
        elif all(
            (
                quantity_reconciled,
                price_reconciled,
                value_reconciled,
                cost_reconciled,
                lineage_reconciled,
            )
        ):
            reconciliation_status = RECONCILED
        else:
            reconciliation_status = EXCEPTION

        payload = {
            "execution_id": source.get(
                "execution_id"
            ),
            "source_intent_id": source.get(
                "source_intent_id"
            ),
            "reconciliation_status":
                reconciliation_status,
        }

        return {
            "status": STATUS_CERTIFIED,
            "reconciliation_status":
                reconciliation_status,
            "reconciliation_id": _id(
                "EROS101-STRESS-RECONCILIATION",
                payload,
            ),
            "block_id": "101",
            "engine_version": ENGINE_VERSION,
            "created_at": datetime.now(
                timezone.utc
            ).isoformat(),

            "source_block": "100",
            "source_execution_id":
                source.get("execution_id"),
            "source_intent_id":
                source.get("source_intent_id"),

            "symbol": source.get("symbol"),
            "action": source.get("action"),

            "requested_quantity": requested,
            "filled_quantity": filled,
            "fill_ratio": fill_ratio,

            "reference_price":
                source.get("reference_price"),
            "fill_price":
                source.get("fill_price"),

            "gross_value":
                source.get("gross_value"),
            "slippage_value":
                source.get("slippage_value"),
            "slippage_bps":
                source.get("slippage_bps"),
            "transaction_cost":
                source.get("transaction_cost"),
            "net_value":
                source.get("net_value"),

            "fill_status": fill_status,
            "execution_status": execution_status,

            "reconciliation_reason":
                "Paper execution evidence reconciled."
                if reconciliation_status == RECONCILED
                else "Paper execution evidence requires review.",

            "quantity_reconciled":
                quantity_reconciled,
            "price_reconciled":
                price_reconciled,
            "value_reconciled":
                value_reconciled,
            "cost_reconciled":
                cost_reconciled,
            "lineage_reconciled":
                lineage_reconciled,

            "non_mutation_invariant":
                True,
            "broker_submission":
                False,
            "live_order_submission":
                False,
            "execution_blocked":
                True,
        }

    @staticmethod
    def _invalid(
        reason: str,
    ) -> Dict[str, Any]:

        return {
            "status": STATUS_BLOCKED,
            "reason_code": reason,
        }

    @staticmethod
    def _blocked(
        source: Mapping[str, Any],
        reason: str,
    ) -> Dict[str, Any]:

        return {
            "status": STATUS_BLOCKED,
            "reconciliation_status": BLOCKED,
            "reconciliation_id": _id(
                "EROS101-STRESS-RECONCILIATION",
                {
                    "execution_id":
                        source.get("execution_id"),
                    "reason": reason,
                },
            ),
            "block_id": "101",
            "engine_version": ENGINE_VERSION,
            "source_block": "100",
            "source_execution_id":
                source.get("execution_id"),
            "source_intent_id":
                source.get("source_intent_id"),
            "reconciliation_reason": reason,
            "non_mutation_invariant": True,
            "broker_submission": False,
            "live_order_submission": False,
            "execution_blocked": True,
        }

4. BLOCK 102 EXACT SOURCE
----------------------------------------------------------------------
from __future__ import annotations

from copy import deepcopy
from datetime import datetime, timezone
from typing import Any, Dict, Mapping


class EROSBlock102FrontendContract:
    """
    EROS 3.0 Block 102

    Presentation-only contract layer for the verified Block 94 -> 101
    quantitative/execution chain.

    This class MUST NOT:
      - mutate portfolio state
      - mutate valuation/performance/risk state
      - create orders
      - submit to broker
      - perform live execution

    It converts already-produced block outputs into a UI-safe read model.
    """

    BLOCK_ID = "102"
    ENGINE_VERSION = "EROS-3.0-BLOCK-102"

    SAFETY_FIELDS = {
        "portfolio_mutation": False,
        "valuation_mutation": False,
        "performance_mutation": False,
        "risk_mutation": False,
        "optimization": False,
        "order_creation": False,
        "broker_submission": False,
        "live_order_submission": False,
        "execution_blocked": True,
        "non_mutation_invariant": True,
    }

    BLOCK_NAMES = {
        "94": "Stress Scenario Engine",
        "95": "Stress Evidence Gate",
        "96": "Stress Decision Gate",
        "97": "Stress Readiness Gate",
        "98": "Execution Governance Bridge",
        "99": "Execution Intent Authorization",
        "100": "Paper Execution / Fill Validation",
        "101": "Execution Evidence Reconciliation",
    }

    def __init__(self) -> None:
        self.engine_version = self.ENGINE_VERSION

    def build(
        self,
        *,
        block94: Mapping[str, Any] | None = None,
        block95: Mapping[str, Any] | None = None,
        block96: Mapping[str, Any] | None = None,
        block97: Mapping[str, Any] | None = None,
        block98: Mapping[str, Any] | None = None,
        block99: Mapping[str, Any] | None = None,
        block100: Mapping[str, Any] | None = None,
        block101: Mapping[str, Any] | None = None,
    ) -> Dict[str, Any]:

        blocks = {
            "94": deepcopy(dict(block94 or {})),
            "95": deepcopy(dict(block95 or {})),
            "96": deepcopy(dict(block96 or {})),
            "97": deepcopy(dict(block97 or {})),
            "98": deepcopy(dict(block98 or {})),
            "99": deepcopy(dict(block99 or {})),
            "100": deepcopy(dict(block100 or {})),
            "101": deepcopy(dict(block101 or {})),
        }

        pipeline = []

        for block_id, payload in blocks.items():
            pipeline.append(
                {
                    "block_id": block_id,
                    "name": self.BLOCK_NAMES[block_id],
                    "status": self._status(payload),
                    "source_block": payload.get("source_block"),
                    "identifier": self._identifier(payload),
                    "execution_blocked": payload.get(
                        "execution_blocked",
                        True,
                    ),
                }
            )

        governance = blocks["98"]
        intent = blocks["99"]
        execution = blocks["100"]
        reconciliation = blocks["101"]

        result = {
            "status": "CERTIFIED",
            "block_id": self.BLOCK_ID,
            "engine_version": self.engine_version,
            "created_at": datetime.now(timezone.utc).isoformat(),

            "pipeline_status": pipeline,

            "risk": {
                "stress_status": self._status(blocks["94"]),
                "evidence_status": self._status(blocks["95"]),
                "decision_status": self._status(blocks["96"]),
                "readiness_status": self._status(blocks["97"]),
                "scenario_count": blocks["94"].get(
                    "scenario_count",
                    blocks["97"].get("scenario_count"),
                ),
                "downside_pnl": blocks["94"].get("downside_pnl"),
                "upside_pnl": blocks["94"].get("upside_pnl"),
            },

            "governance": {
                "status": governance.get(
                    "governance_status",
                    self._status(governance),
                ),
                "governance_id": governance.get("governance_id"),
                "execution_action": governance.get(
                    "execution_action",
                    governance.get("action"),
                ),
                "source_readiness_id": governance.get(
                    "source_readiness_id"
                ),
                "source_decision_id": governance.get(
                    "source_decision_id"
                ),
                "source_gate_id": governance.get(
                    "source_gate_id"
                ),
                "source_certificate_id": governance.get(
                    "source_certificate_id"
                ),
            },

            "intent": {
                "status": intent.get(
                    "intent_status",
                    self._status(intent),
                ),
                "intent_id": intent.get("intent_id"),
                "intent_action": intent.get("intent_action"),
                "authorization_status": intent.get(
                    "authorization_status"
                ),
                "symbol": intent.get("symbol"),
                "action": intent.get("action"),
                "quantity": intent.get("quantity"),
                "reference_price": intent.get(
                    "reference_price"
                ),
            },

            "execution": {
                "status": execution.get(
                    "execution_status",
                    self._status(execution),
                ),
                "execution_id": execution.get("execution_id"),
                "symbol": execution.get("symbol"),
                "action": execution.get("action"),
                "requested_quantity": execution.get(
                    "requested_quantity"
                ),
                "filled_quantity": execution.get(
                    "filled_quantity"
                ),
                "reference_price": execution.get(
                    "reference_price"
                ),
                "fill_price": execution.get("fill_price"),
                "fill_status": execution.get("fill_status"),
                "slippage_bps": execution.get("slippage_bps"),
                "transaction_cost": execution.get(
                    "transaction_cost"
                ),
                "net_value": execution.get("net_value"),
            },

            "reconciliation": {
                "status": reconciliation.get(
                    "reconciliation_status",
                    self._status(reconciliation),
                ),
                "reconciliation_id": reconciliation.get(
                    "reconciliation_id"
                ),
                "source_execution_id": reconciliation.get(
                    "source_execution_id"
                ),
                "quantity_reconciled": reconciliation.get(
                    "quantity_reconciled"
                ),
                "price_reconciled": reconciliation.get(
                    "price_reconciled"
                ),
                "value_reconciled": reconciliation.get(
                    "value_reconciled"
                ),
                "cost_reconciled": reconciliation.get(
                    "cost_reconciled"
                ),
                "lineage_reconciled": reconciliation.get(
                    "lineage_reconciled"
                ),
            },

            "lineage": {
                "block94": self._identifier(blocks["94"]),
                "block95": self._identifier(blocks["95"]),
                "block96": self._identifier(blocks["96"]),
                "block97": self._identifier(blocks["97"]),
                "block98": self._identifier(blocks["98"]),
                "block99": self._identifier(blocks["99"]),
                "block100": self._identifier(blocks["100"]),
                "block101": self._identifier(blocks["101"]),
            },

            "safety": deepcopy(self.SAFETY_FIELDS),
        }

        return self._validate(result)

    def snapshot(self, **kwargs: Any) -> Dict[str, Any]:
        return self.build(**kwargs)

    @staticmethod
    def _status(payload: Mapping[str, Any]) -> Any:
        return payload.get("status")

    @staticmethod
    def _identifier(payload: Mapping[str, Any]) -> Any:
        for field in (
            "certificate_id",
            "gate_id",
            "decision_id",
            "readiness_id",
            "governance_id",
            "intent_id",
            "execution_id",
            "reconciliation_id",
        ):
            value = payload.get(field)
            if value:
                return value
        return None

    def _validate(self, result: Dict[str, Any]) -> Dict[str, Any]:
        safety = result["safety"]

        for field, expected in self.SAFETY_FIELDS.items():
            if safety.get(field) is not expected:
                raise ValueError(
                    f"BLOCK102_SAFETY_INVARIANT_FAILED:{field}"
                )

        if result["block_id"] != "102":
            raise ValueError("INVALID_BLOCK_ID")

        if result["status"] != "CERTIFIED":
            raise ValueError("INVALID_FRONTEND_STATUS")

        if len(result["pipeline_status"]) != 8:
            raise ValueError("INVALID_PIPELINE_LENGTH")

        return result

5. BLOCK 103 EXACT SOURCE
----------------------------------------------------------------------
from __future__ import annotations

from copy import deepcopy
from typing import Any, Dict, Mapping


class EROSBlock103InstitutionalFrontendReadModel:
    """
    EROS 3.0 Block 103

    Converts the Block 102 frontend contract into an institutional,
    UI-ready read model.

    Presentation/read-model layer only.
    """

    BLOCK_ID = "103"
    ENGINE_VERSION = "EROS-3.0-BLOCK-103"

    REQUIRED_BLOCKS = (
        "94",
        "95",
        "96",
        "97",
        "98",
        "99",
        "100",
        "101",
    )

    def __init__(self) -> None:
        self.engine_version = self.ENGINE_VERSION

    def build(
        self,
        *,
        contract: Mapping[str, Any],
    ) -> Dict[str, Any]:

        source = deepcopy(dict(contract))

        self._validate_source(source)

        pipeline = self._build_pipeline(source)
        risk = self._build_risk(source)
        governance = self._build_governance(source)
        intent = self._build_intent(source)
        execution = self._build_execution(source)
        reconciliation = self._build_reconciliation(source)
        lineage = self._build_lineage(source)
        safety = self._build_safety(source)

        return {
            "status": "CERTIFIED",
            "block_id": self.BLOCK_ID,
            "engine_version": self.engine_version,

            "dashboard": {
                "title": "EROS 3.0 Institutional Command Center",
                "subtitle": "Read-only governance, execution and reconciliation view",
            },

            "pipeline": pipeline,
            "risk": risk,
            "governance": governance,
            "intent": intent,
            "execution": execution,
            "reconciliation": reconciliation,
            "lineage": lineage,
            "safety": safety,
        }

    def snapshot(
        self,
        *,
        contract: Mapping[str, Any],
    ) -> Dict[str, Any]:
        return self.build(contract=contract)

    @staticmethod
    def _validate_source(source: Mapping[str, Any]) -> None:

        if source.get("status") != "CERTIFIED":
            raise ValueError("BLOCK103_SOURCE_NOT_CERTIFIED")

        if source.get("block_id") != "102":
            raise ValueError("BLOCK103_INVALID_SOURCE_BLOCK")

        pipeline = source.get("pipeline_status")

        if not isinstance(pipeline, list):
            raise ValueError("BLOCK103_PIPELINE_MISSING")

        block_ids = {
            str(item.get("block_id"))
            for item in pipeline
            if isinstance(item, Mapping)
        }

        if block_ids != set(EROSBlock103InstitutionalFrontendReadModel.REQUIRED_BLOCKS):
            raise ValueError("BLOCK103_INVALID_PIPELINE")

        safety = source.get("safety")

        if not isinstance(safety, Mapping):
            raise ValueError("BLOCK103_SAFETY_MISSING")

        if safety.get("portfolio_mutation") is not False:
            raise ValueError("BLOCK103_PORTFOLIO_MUTATION")

        if safety.get("valuation_mutation") is not False:
            raise ValueError("BLOCK103_VALUATION_MUTATION")

        if safety.get("performance_mutation") is not False:
            raise ValueError("BLOCK103_PERFORMANCE_MUTATION")

        if safety.get("risk_mutation") is not False:
            raise ValueError("BLOCK103_RISK_MUTATION")

        if safety.get("optimization") is not False:
            raise ValueError("BLOCK103_OPTIMIZATION")

        if safety.get("order_creation") is not False:
            raise ValueError("BLOCK103_ORDER_CREATION")

        if safety.get("broker_submission") is not False:
            raise ValueError("BLOCK103_BROKER_SUBMISSION")

        if safety.get("live_order_submission") is not False:
            raise ValueError("BLOCK103_LIVE_EXECUTION")

        if safety.get("execution_blocked") is not True:
            raise ValueError("BLOCK103_EXECUTION_BLOCKED_INVARIANT")

        if safety.get("non_mutation_invariant") is not True:
            raise ValueError("BLOCK103_NON_MUTATION_INVARIANT")

    @staticmethod
    def _build_pipeline(
        source: Mapping[str, Any],
    ) -> list[Dict[str, Any]]:

        pipeline = []

        for item in source["pipeline_status"]:
            pipeline.append(
                {
                    "block_id": item.get("block_id"),
                    "name": item.get("name"),
                    "status": item.get("status"),
                    "identifier": item.get("identifier"),
                    "source_block": item.get("source_block"),
                    "execution_blocked": item.get(
                        "execution_blocked",
                        True,
                    ),
                }
            )

        return pipeline

    @staticmethod
    def _build_risk(
        source: Mapping[str, Any],
    ) -> Dict[str, Any]:

        risk = source.get("risk", {})

        return {
            "stress_status": risk.get("stress_status"),
            "evidence_status": risk.get("evidence_status"),
            "decision_status": risk.get("decision_status"),
            "readiness_status": risk.get("readiness_status"),
            "scenario_count": risk.get("scenario_count"),
            "downside_pnl": risk.get("downside_pnl"),
            "upside_pnl": risk.get("upside_pnl"),
        }

    @staticmethod
    def _build_governance(
        source: Mapping[str, Any],
    ) -> Dict[str, Any]:

        governance = source.get("governance", {})

        return {
            "status": governance.get("status"),
            "governance_id": governance.get("governance_id"),
            "execution_action": governance.get("execution_action"),
            "source_readiness_id": governance.get(
                "source_readiness_id"
            ),
            "source_decision_id": governance.get(
                "source_decision_id"
            ),
            "source_gate_id": governance.get(
                "source_gate_id"
            ),
            "source_certificate_id": governance.get(
                "source_certificate_id"
            ),
        }

    @staticmethod
    def _build_intent(
        source: Mapping[str, Any],
    ) -> Dict[str, Any]:

        intent = source.get("intent", {})

        return {
            "status": intent.get("status"),
            "intent_id": intent.get("intent_id"),
            "intent_action": intent.get("intent_action"),
            "authorization_status": intent.get(
                "authorization_status"
            ),
            "symbol": intent.get("symbol"),
            "action": intent.get("action"),
            "quantity": intent.get("quantity"),
            "reference_price": intent.get(
                "reference_price"
            ),
        }

    @staticmethod
    def _build_execution(
        source: Mapping[str, Any],
    ) -> Dict[str, Any]:

        execution = source.get("execution", {})

        return {
            "status": execution.get("status"),
            "execution_id": execution.get("execution_id"),
            "symbol": execution.get("symbol"),
            "action": execution.get("action"),
            "requested_quantity": execution.get(
                "requested_quantity"
            ),
            "filled_quantity": execution.get(
                "filled_quantity"
            ),
            "reference_price": execution.get(
                "reference_price"
            ),
            "fill_price": execution.get("fill_price"),
            "fill_status": execution.get("fill_status"),
            "slippage_bps": execution.get("slippage_bps"),
            "transaction_cost": execution.get(
                "transaction_cost"
            ),
            "net_value": execution.get("net_value"),
        }

    @staticmethod
    def _build_reconciliation(
        source: Mapping[str, Any],
    ) -> Dict[str, Any]:

        reconciliation = source.get("reconciliation", {})

        return {
            "status": reconciliation.get("status"),
            "reconciliation_id": reconciliation.get(
                "reconciliation_id"
            ),
            "source_execution_id": reconciliation.get(
                "source_execution_id"
            ),
            "quantity_reconciled": reconciliation.get(
                "quantity_reconciled"
            ),
            "price_reconciled": reconciliation.get(
                "price_reconciled"
            ),
            "value_reconciled": reconciliation.get(
                "value_reconciled"
            ),
            "cost_reconciled": reconciliation.get(
                "cost_reconciled"
            ),
            "lineage_reconciled": reconciliation.get(
                "lineage_reconciled"
            ),
        }

    @staticmethod
    def _build_lineage(
        source: Mapping[str, Any],
    ) -> Dict[str, Any]:

        lineage = source.get("lineage", {})

        return {
            "block94": lineage.get("block94"),
            "block95": lineage.get("block95"),
            "block96": lineage.get("block96"),
            "block97": lineage.get("block97"),
            "block98": lineage.get("block98"),
            "block99": lineage.get("block99"),
            "block100": lineage.get("block100"),
            "block101": lineage.get("block101"),
        }

    @staticmethod
    def _build_safety(
        source: Mapping[str, Any],
    ) -> Dict[str, Any]:

        safety = source.get("safety", {})

        return {
            "portfolio_mutation": safety.get(
                "portfolio_mutation"
            ),
            "valuation_mutation": safety.get(
                "valuation_mutation"
            ),
            "performance_mutation": safety.get(
                "performance_mutation"
            ),
            "risk_mutation": safety.get("risk_mutation"),
            "optimization": safety.get("optimization"),
            "order_creation": safety.get("order_creation"),
            "broker_submission": safety.get(
                "broker_submission"
            ),
            "live_order_submission": safety.get(
                "live_order_submission"
            ),
            "execution_blocked": safety.get(
                "execution_blocked"
            ),
            "non_mutation_invariant": safety.get(
                "non_mutation_invariant"
            ),
        }

6. BLOCK 104 EXACT SOURCE
----------------------------------------------------------------------
from __future__ import annotations

from copy import deepcopy
from typing import Any, Dict, Mapping


class EROSBlock104CommandCenter:
    """
    EROS 3.0 Block 104

    Institutional Command Center presentation model.

    Presentation-only layer consuming the Block 103
    Institutional Frontend Read Model.

    This block MUST NOT:
        - create orders
        - submit broker orders
        - perform live execution
        - mutate portfolio
        - mutate valuation
        - mutate performance
        - mutate risk
        - perform optimization
    """

    BLOCK_ID = "104"
    ENGINE_VERSION = "EROS-3.0-BLOCK-104"

    SOURCE_BLOCK = "103"

    def __init__(self) -> None:
        self.engine_version = self.ENGINE_VERSION

    def render_model(
        self,
        *,
        read_model: Mapping[str, Any],
    ) -> Dict[str, Any]:
        """
        Convert the Block 103 read model into a UI-ready
        institutional command-center model.
        """

        source = deepcopy(dict(read_model))

        self._validate_source(source)

        return {
            "status": "CERTIFIED",
            "block_id": self.BLOCK_ID,
            "engine_version": self.engine_version,
            "source_block": self.SOURCE_BLOCK,

            "header": {
                "title": "EROS 3.0 Institutional Command Center",
                "subtitle": (
                    "Read-only governance, execution and "
                    "reconciliation control view"
                ),
                "pipeline": "94 -> 103",
            },

            "status_cards": {
                "governance": source["governance"].get("status"),
                "intent": source["intent"].get("status"),
                "execution": source["execution"].get("status"),
                "reconciliation": source["reconciliation"].get(
                    "status"
                ),
            },

            "pipeline": deepcopy(
                source.get("pipeline", [])
            ),

            "risk": deepcopy(
                source.get("risk", {})
            ),

            "governance": deepcopy(
                source.get("governance", {})
            ),

            "intent": deepcopy(
                source.get("intent", {})
            ),

            "execution": deepcopy(
                source.get("execution", {})
            ),

            "reconciliation": deepcopy(
                source.get("reconciliation", {})
            ),

            "lineage": deepcopy(
                source.get("lineage", {})
            ),

            "safety": {
                "portfolio_mutation": source["safety"].get(
                    "portfolio_mutation"
                ),
                "valuation_mutation": source["safety"].get(
                    "valuation_mutation"
                ),
                "performance_mutation": source["safety"].get(
                    "performance_mutation"
                ),
                "risk_mutation": source["safety"].get(
                    "risk_mutation"
                ),
                "optimization": source["safety"].get(
                    "optimization"
                ),
                "order_creation": source["safety"].get(
                    "order_creation"
                ),
                "broker_submission": source["safety"].get(
                    "broker_submission"
                ),
                "live_order_submission": source["safety"].get(
                    "live_order_submission"
                ),
                "execution_blocked": source["safety"].get(
                    "execution_blocked"
                ),
                "non_mutation_invariant": source["safety"].get(
                    "non_mutation_invariant"
                ),
            },

            "ui_policy": {
                "read_only": True,
                "allow_order_creation": False,
                "allow_broker_submission": False,
                "allow_live_execution": False,
                "allow_portfolio_mutation": False,
                "allow_valuation_mutation": False,
                "allow_performance_mutation": False,
                "allow_risk_mutation": False,
                "allow_optimization": False,
            },
        }

    def snapshot(
        self,
        *,
        read_model: Mapping[str, Any],
    ) -> Dict[str, Any]:
        return self.render_model(
            read_model=read_model
        )

    @staticmethod
    def _validate_source(
        source: Mapping[str, Any],
    ) -> None:

        if source.get("status") != "CERTIFIED":
            raise ValueError(
                "BLOCK104_SOURCE_NOT_CERTIFIED"
            )

        if str(source.get("block_id")) != "103":
            raise ValueError(
                "BLOCK104_INVALID_SOURCE_BLOCK"
            )

        required_sections = (
            "pipeline",
            "governance",
            "intent",
            "execution",
            "reconciliation",
            "lineage",
            "safety",
        )

        for section in required_sections:
            if not isinstance(
                source.get(section),
                Mapping,
            ) and section != "pipeline":
                raise ValueError(
                    f"BLOCK104_MISSING_{section.upper()}"
                )

        if not isinstance(
            source.get("pipeline"),
            list,
        ):
            raise ValueError(
                "BLOCK104_INVALID_PIPELINE"
            )

        safety = source["safety"]

        required_false = (
            "portfolio_mutation",
            "valuation_mutation",
            "performance_mutation",
            "risk_mutation",
            "optimization",
            "order_creation",
            "broker_submission",
            "live_order_submission",
        )

        for key in required_false:
            if safety.get(key) is not False:
                raise ValueError(
                    f"BLOCK104_SAFETY_FAILED_{key.upper()}"
                )

        if safety.get(
            "execution_blocked"
        ) is not True:
            raise ValueError(
                "BLOCK104_EXECUTION_BLOCKED_FAILED"
            )

        if safety.get(
            "non_mutation_invariant"
        ) is not True:
            raise ValueError(
                "BLOCK104_NON_MUTATION_FAILED"
            )


def build_command_center(
    read_model: Mapping[str, Any],
) -> Dict[str, Any]:
    """
    Convenience function for the Streamlit integration layer.
    """

    return EROSBlock104CommandCenter().render_model(
        read_model=read_model
    )

7. EROS DASHBOARD COMPONENT
----------------------------------------------------------------------
from __future__ import annotations

from typing import Any, Mapping

import streamlit as st

from services.quantitative.block104_eros_command_center import (
    EROSBlock104CommandCenter,
)


def _status_label(value: Any) -> str:
    if value is None:
        return "N/A"
    return str(value)


def render_eros_command_center(
    read_model: Mapping[str, Any],
) -> None:
    """
    EROS 3.0 institutional command-center UI.

    Presentation-only.
    No order creation.
    No broker submission.
    No live execution.
    """

    engine = EROSBlock104CommandCenter()

    model = engine.render_model(
        read_model=read_model
    )

    st.header("🏛️ EROS 3.0 Institutional Command Center")

    st.caption(
        "Read-only governance, execution and reconciliation control view"
    )

    # ==========================================================
    # TOP STATUS CARDS
    # ==========================================================

    cards = model["status_cards"]

    c1, c2, c3, c4 = st.columns(4)

    c1.metric(
        "Governance",
        _status_label(cards["governance"]),
    )

    c2.metric(
        "Execution Intent",
        _status_label(cards["intent"]),
    )

    c3.metric(
        "Paper Execution",
        _status_label(cards["execution"]),
    )

    c4.metric(
        "Reconciliation",
        _status_label(cards["reconciliation"]),
    )

    st.divider()

    # ==========================================================
    # SAFETY
    # ==========================================================

    st.subheader("🔒 Execution Safety")

    safety = model["safety"]

    s1, s2, s3, s4 = st.columns(4)

    s1.metric(
        "Broker Submission",
        "FALSE" if safety["broker_submission"] is False else "TRUE",
    )

    s2.metric(
        "Live Execution",
        "FALSE"
        if safety["live_order_submission"] is False
        else "TRUE",
    )

    s3.metric(
        "Execution Blocked",
        "TRUE"
        if safety["execution_blocked"] is True
        else "FALSE",
    )

    s4.metric(
        "Non-Mutation",
        "TRUE"
        if safety["non_mutation_invariant"] is True
        else "FALSE",
    )

    if (
        safety["broker_submission"] is False
        and safety["live_order_submission"] is False
        and safety["execution_blocked"] is True
        and safety["non_mutation_invariant"] is True
    ):
        st.success(
            "Execution safety boundary is intact. "
            "This interface is read-only."
        )
    else:
        st.error(
            "Execution safety invariant failure."
        )

    # ==========================================================
    # PIPELINE
    # ==========================================================

    st.subheader("🔗 EROS Pipeline")

    pipeline = model.get("pipeline", [])

    if pipeline:
        cols = st.columns(len(pipeline))

        for index, item in enumerate(pipeline):
            block_id = item.get(
                "block_id",
                item.get("block", "?"),
            )

            status = item.get(
                "status",
                "UNKNOWN",
            )

            with cols[index]:
                st.metric(
                    f"Block {block_id}",
                    str(status),
                )

    # ==========================================================
    # GOVERNANCE
    # ==========================================================

    st.subheader("🛡️ Governance")

    governance = model["governance"]

    g1, g2, g3 = st.columns(3)

    g1.metric(
        "Status",
        _status_label(governance.get("status")),
    )

    g2.metric(
        "Governance ID",
        _status_label(
            governance.get("governance_id")
        ),
    )

    g3.metric(
        "Action",
        _status_label(
            governance.get("execution_action")
        ),
    )

    # ==========================================================
    # EXECUTION INTENT
    # ==========================================================

    st.subheader("🎯 Execution Intent")

    intent = model["intent"]

    i1, i2, i3, i4 = st.columns(4)

    i1.metric(
        "Symbol",
        _status_label(intent.get("symbol")),
    )

    i2.metric(
        "Action",
        _status_label(intent.get("action")),
    )

    i3.metric(
        "Quantity",
        _status_label(intent.get("quantity")),
    )

    i4.metric(
        "Reference Price",
        f"₹{float(intent.get('reference_price', 0)):,.2f}",
    )

    # ==========================================================
    # PAPER EXECUTION
    # ==========================================================

    st.subheader("📊 Paper Execution")

    execution = model["execution"]

    e1, e2, e3, e4 = st.columns(4)

    e1.metric(
        "Execution Status",
        _status_label(
            execution.get("status")
        ),
    )

    e2.metric(
        "Fill Status",
        _status_label(
            execution.get("fill_status")
        ),
    )

    e3.metric(
        "Requested Qty",
        _status_label(
            execution.get("requested_quantity")
        ),
    )

    e4.metric(
        "Filled Qty",
        _status_label(
            execution.get("filled_quantity")
        ),
    )

    e5, e6, e7, e8 = st.columns(4)

    e5.metric(
        "Reference Price",
        f"₹{float(execution.get('reference_price', 0)):,.2f}",
    )

    e6.metric(
        "Fill Price",
        f"₹{float(execution.get('fill_price', 0)):,.2f}",
    )

    e7.metric(
        "Slippage (bps)",
        _status_label(
            execution.get("slippage_bps")
        ),
    )

    e8.metric(
        "Transaction Cost",
        f"₹{float(execution.get('transaction_cost', 0)):,.2f}",
    )

    # ==========================================================
    # RECONCILIATION
    # ==========================================================

    st.subheader("🔄 Reconciliation")

    reconciliation = model["reconciliation"]

    r1, r2, r3, r4, r5 = st.columns(5)

    r1.metric(
        "Quantity",
        "PASS"
        if reconciliation.get("quantity_reconciled")
        else "FAIL",
    )

    r2.metric(
        "Price",
        "PASS"
        if reconciliation.get("price_reconciled")
        else "FAIL",
    )

    r3.metric(
        "Value",
        "PASS"
        if reconciliation.get("value_reconciled")
        else "FAIL",
    )

    r4.metric(
        "Cost",
        "PASS"
        if reconciliation.get("cost_reconciled")
        else "FAIL",
    )

    r5.metric(
        "Lineage",
        "PASS"
        if reconciliation.get("lineage_reconciled")
        else "FAIL",
    )

    # ==========================================================
    # LINEAGE
    # ==========================================================

    st.subheader("🔍 Audit Lineage")

    lineage = model.get("lineage", {})

    if lineage:
        lineage_rows = []

        for key, value in lineage.items():
            lineage_rows.append(
                {
                    "Stage": key,
                    "Evidence ID": value,
                }
            )

        st.dataframe(
            lineage_rows,
            use_container_width=True,
            hide_index=True,
        )

    # ==========================================================
    # UI POLICY
    # ==========================================================

    st.subheader("🔐 UI Policy")

    policy = model["ui_policy"]

    st.info(
        "EROS Command Center is a presentation-only interface. "
        "Order creation, broker submission, live execution, "
        "portfolio mutation, valuation mutation, performance "
        "mutation, risk mutation and optimization are disabled."
    )

    if policy["read_only"]:
        st.caption(
            "READ ONLY • BLOCK 104 • EROS-3.0"
        )



8. CLASS / METHOD SIGNATURE SUMMARY
----------------------------------------------------------------------

FILE: .\services\quantitative\block100_paper_execution_fill_gate.py

LineNumber Line
---------- ----
        23 def _text(value: Any) -> str:
        29 def _number(value: Any) -> Optional[float]:
        38 class EROSBlock100PaperExecutionFillGate:
        59     def __init__(
       109     def certify(
       354     def snapshot(self) -> Dict[str, Any]:
       370     def _validate_intent(
       539     def _validation_blocked(
       548     def _blocked_result(
       628     def _execution_id(



FILE: .\services\quantitative\block101_execution_evidence_reconciliation.py

LineNumber Line
---------- ----
        20 def _text(value: Any) -> str:
        24 def _number(value: Any):
        37 def _id(prefix: str, payload: Mapping[str, Any]) -> str:
        43 class EROSBlock101ExecutionEvidenceReconciliationGate:
        57     def __init__(self) -> None:
        61     def engine_version(self) -> str:
        64     def certify(
        87     def evaluate(
        94     def snapshot(self) -> Dict[str, Any]:
       104     def _validate(
       270     def _reconcile(
       436     def _invalid(
       446     def _blocked(



FILE: .\services\quantitative\block102_frontend_contract.py

LineNumber Line
---------- ----
         8 class EROSBlock102FrontendContract:
        52     def __init__(self) -> None:
        55     def build(
       234     def snapshot(self, **kwargs: Any) -> Dict[str, Any]:
       238     def _status(payload: Mapping[str, Any]) -> Any:
       242     def _identifier(payload: Mapping[str, Any]) -> Any:
       258     def _validate(self, result: Dict[str, Any]) -> Dict[str, Any]:



FILE: .\services\quantitative\block103_institutional_frontend_read_model.py

LineNumber Line
---------- ----
         7 class EROSBlock103InstitutionalFrontendReadModel:
        31     def __init__(self) -> None:
        34     def build(
        73     def snapshot(
        81     def _validate_source(source: Mapping[str, Any]) -> None:
       139     def _build_pipeline(
       163     def _build_risk(
       180     def _build_governance(
       205     def _build_intent(
       227     def _build_execution(
       257     def _build_reconciliation(
       289     def _build_lineage(
       307     def _build_safety(



FILE: .\services\quantitative\block104_eros_command_center.py

LineNumber Line
---------- ----
         7 class EROSBlock104CommandCenter:
        32     def __init__(self) -> None:
        35     def render_model(
       147     def snapshot(
       157     def _validate_source(
       232 def build_command_center(



FILE: .\dashboard\eros_command_center.py

LineNumber Line
---------- ----
        12 def _status_label(value: Any) -> str:
        18 def render_eros_command_center(



9. CONTRACT FIELD SEARCH
----------------------------------------------------------------------

>>> status


>>> block_id

>>> pipeline

>>> governance

>>> intent

>>> execution

>>> reconciliation

>>> lineage

>>> safety

>>> symbol

>>> action

>>> quantity

>>> reference_price

>>> fill_price
Path                                                                                                        LineNumber
----                                                                                                        ----------
D:\Users\User\Desktop\AI_STOCK_ANALYZER\services\quantitative\block100_paper_execution_fill_gate.py                 12
D:\Users\User\Desktop\AI_STOCK_ANALYZER\services\quantitative\block100_paper_execution_fill_gate.py                 13
D:\Users\User\Desktop\AI_STOCK_ANALYZER\services\quantitative\block100_paper_execution_fill_gate.py                122
D:\Users\User\Desktop\AI_STOCK_ANALYZER\services\quantitative\block100_paper_execution_fill_gate.py                281
D:\Users\User\Desktop\AI_STOCK_ANALYZER\services\quantitative\block100_paper_execution_fill_gate.py                287
D:\Users\User\Desktop\AI_STOCK_ANALYZER\services\quantitative\block100_paper_execution_fill_gate.py                289
D:\Users\User\Desktop\AI_STOCK_ANALYZER\services\quantitative\block100_paper_execution_fill_gate.py                299
D:\Users\User\Desktop\AI_STOCK_ANALYZER\services\quantitative\block100_paper_execution_fill_gate.py                300
D:\Users\User\Desktop\AI_STOCK_ANALYZER\services\quantitative\block100_paper_execution_fill_gate.py                334
D:\Users\User\Desktop\AI_STOCK_ANALYZER\services\quantitative\block100_paper_execution_fill_gate.py                385
D:\Users\User\Desktop\AI_STOCK_ANALYZER\services\quantitative\block100_paper_execution_fill_gate.py                386
D:\Users\User\Desktop\AI_STOCK_ANALYZER\services\quantitative\block100_paper_execution_fill_gate.py                388
D:\Users\User\Desktop\AI_STOCK_ANALYZER\services\quantitative\block100_paper_execution_fill_gate.py                405
D:\Users\User\Desktop\AI_STOCK_ANALYZER\services\quantitative\block100_paper_execution_fill_gate.py                407
D:\Users\User\Desktop\AI_STOCK_ANALYZER\services\quantitative\block100_paper_execution_fill_gate.py                411
D:\Users\User\Desktop\AI_STOCK_ANALYZER\services\quantitative\block100_paper_execution_fill_gate.py                416
D:\Users\User\Desktop\AI_STOCK_ANALYZER\services\quantitative\block100_paper_execution_fill_gate.py                417
D:\Users\User\Desktop\AI_STOCK_ANALYZER\services\quantitative\block100_paper_execution_fill_gate.py                420
D:\Users\User\Desktop\AI_STOCK_ANALYZER\services\quantitative\block100_paper_execution_fill_gate.py                422
D:\Users\User\Desktop\AI_STOCK_ANALYZER\services\quantitative\block100_paper_execution_fill_gate.py                531
D:\Users\User\Desktop\AI_STOCK_ANALYZER\services\quantitative\block100_paper_execution_fill_gate.py                544
D:\Users\User\Desktop\AI_STOCK_ANALYZER\services\quantitative\block100_paper_execution_fill_gate.py                560
D:\Users\User\Desktop\AI_STOCK_ANALYZER\services\quantitative\block100_paper_execution_fill_gate.py                561
D:\Users\User\Desktop\AI_STOCK_ANALYZER\services\quantitative\block100_paper_execution_fill_gate.py                617
D:\Users\User\Desktop\AI_STOCK_ANALYZER\services\quantitative\block101_execution_evidence_reconciliation.py         10
D:\Users\User\Desktop\AI_STOCK_ANALYZER\services\quantitative\block101_execution_evidence_reconciliation.py         11
D:\Users\User\Desktop\AI_STOCK_ANALYZER\services\quantitative\block101_execution_evidence_reconciliation.py         74
D:\Users\User\Desktop\AI_STOCK_ANALYZER\services\quantitative\block101_execution_evidence_reconciliation.py         96
D:\Users\User\Desktop\AI_STOCK_ANALYZER\services\quantitative\block101_execution_evidence_reconciliation.py        112
D:\Users\User\Desktop\AI_STOCK_ANALYZER\services\quantitative\block101_execution_evidence_reconciliation.py        114
D:\Users\User\Desktop\AI_STOCK_ANALYZER\services\quantitative\block101_execution_evidence_reconciliation.py        132
D:\Users\User\Desktop\AI_STOCK_ANALYZER\services\quantitative\block101_execution_evidence_reconciliation.py        133
D:\Users\User\Desktop\AI_STOCK_ANALYZER\services\quantitative\block101_execution_evidence_reconciliation.py        136
D:\Users\User\Desktop\AI_STOCK_ANALYZER\services\quantitative\block101_execution_evidence_reconciliation.py        142
D:\Users\User\Desktop\AI_STOCK_ANALYZER\services\quantitative\block101_execution_evidence_reconciliation.py        145
D:\Users\User\Desktop\AI_STOCK_ANALYZER\services\quantitative\block101_execution_evidence_reconciliation.py        146
D:\Users\User\Desktop\AI_STOCK_ANALYZER\services\quantitative\block101_execution_evidence_reconciliation.py        149
D:\Users\User\Desktop\AI_STOCK_ANALYZER\services\quantitative\block101_execution_evidence_reconciliation.py        155
D:\Users\User\Desktop\AI_STOCK_ANALYZER\services\quantitative\block101_execution_evidence_reconciliation.py        194
D:\Users\User\Desktop\AI_STOCK_ANALYZER\services\quantitative\block101_execution_evidence_reconciliation.py        205
D:\Users\User\Desktop\AI_STOCK_ANALYZER\services\quantitative\block101_execution_evidence_reconciliation.py        218
D:\Users\User\Desktop\AI_STOCK_ANALYZER\services\quantitative\block101_execution_evidence_reconciliation.py        267
D:\Users\User\Desktop\AI_STOCK_ANALYZER\services\quantitative\block101_execution_evidence_reconciliation.py        275
D:\Users\User\Desktop\AI_STOCK_ANALYZER\services\quantitative\block101_execution_evidence_reconciliation.py        276
D:\Users\User\Desktop\AI_STOCK_ANALYZER\services\quantitative\block101_execution_evidence_reconciliation.py        279
D:\Users\User\Desktop\AI_STOCK_ANALYZER\services\quantitative\block101_execution_evidence_reconciliation.py        280
D:\Users\User\Desktop\AI_STOCK_ANALYZER\services\quantitative\block101_execution_evidence_reconciliation.py        300
D:\Users\User\Desktop\AI_STOCK_ANALYZER\services\quantitative\block101_execution_evidence_reconciliation.py        306
D:\Users\User\Desktop\AI_STOCK_ANALYZER\services\quantitative\block101_execution_evidence_reconciliation.py        337
D:\Users\User\Desktop\AI_STOCK_ANALYZER\services\quantitative\block101_execution_evidence_reconciliation.py        338
D:\Users\User\Desktop\AI_STOCK_ANALYZER\services\quantitative\block101_execution_evidence_reconciliation.py        348
D:\Users\User\Desktop\AI_STOCK_ANALYZER\services\quantitative\block101_execution_evidence_reconciliation.py        350
D:\Users\User\Desktop\AI_STOCK_ANALYZER\services\quantitative\block101_execution_evidence_reconciliation.py        359
D:\Users\User\Desktop\AI_STOCK_ANALYZER\services\quantitative\block101_execution_evidence_reconciliation.py        360
D:\Users\User\Desktop\AI_STOCK_ANALYZER\services\quantitative\block101_execution_evidence_reconciliation.py        364
D:\Users\User\Desktop\AI_STOCK_ANALYZER\services\quantitative\block101_execution_evidence_reconciliation.py        365
D:\Users\User\Desktop\AI_STOCK_ANALYZER\services\quantitative\block101_execution_evidence_reconciliation.py        366
D:\Users\User\Desktop\AI_STOCK_ANALYZER\services\quantitative\block101_execution_evidence_reconciliation.py        406
D:\Users\User\Desktop\AI_STOCK_ANALYZER\services\quantitative\block101_execution_evidence_reconciliation.py        407
D:\Users\User\Desktop\AI_STOCK_ANALYZER\services\quantitative\block101_execution_evidence_reconciliation.py        411
D:\Users\User\Desktop\AI_STOCK_ANALYZER\services\quantitative\block101_execution_evidence_reconciliation.py        441
D:\Users\User\Desktop\AI_STOCK_ANALYZER\services\quantitative\block101_execution_evidence_reconciliation.py        452
D:\Users\User\Desktop\AI_STOCK_ANALYZER\services\quantitative\block101_execution_evidence_reconciliation.py        453
D:\Users\User\Desktop\AI_STOCK_ANALYZER\services\quantitative\block102_frontend_contract.py                         86
D:\Users\User\Desktop\AI_STOCK_ANALYZER\services\quantitative\block102_frontend_contract.py                        102
D:\Users\User\Desktop\AI_STOCK_ANALYZER\services\quantitative\block102_frontend_contract.py                        107
D:\Users\User\Desktop\AI_STOCK_ANALYZER\services\quantitative\block102_frontend_contract.py                        110
D:\Users\User\Desktop\AI_STOCK_ANALYZER\services\quantitative\block102_frontend_contract.py                        111
D:\Users\User\Desktop\AI_STOCK_ANALYZER\services\quantitative\block102_frontend_contract.py                        112
D:\Users\User\Desktop\AI_STOCK_ANALYZER\services\quantitative\block102_frontend_contract.py                        113
D:\Users\User\Desktop\AI_STOCK_ANALYZER\services\quantitative\block102_frontend_contract.py                        123
D:\Users\User\Desktop\AI_STOCK_ANALYZER\services\quantitative\block102_frontend_contract.py                        124
D:\Users\User\Desktop\AI_STOCK_ANALYZER\services\quantitative\block102_frontend_contract.py                        125
D:\Users\User\Desktop\AI_STOCK_ANALYZER\services\quantitative\block102_frontend_contract.py                        147
D:\Users\User\Desktop\AI_STOCK_ANALYZER\services\quantitative\block102_frontend_contract.py                        148
D:\Users\User\Desktop\AI_STOCK_ANALYZER\services\quantitative\block102_frontend_contract.py                        149
D:\Users\User\Desktop\AI_STOCK_ANALYZER\services\quantitative\block102_frontend_contract.py                        153
D:\Users\User\Desktop\AI_STOCK_ANALYZER\services\quantitative\block102_frontend_contract.py                        154
D:\Users\User\Desktop\AI_STOCK_ANALYZER\services\quantitative\block102_frontend_contract.py                        165
D:\Users\User\Desktop\AI_STOCK_ANALYZER\services\quantitative\block102_frontend_contract.py                        166
D:\Users\User\Desktop\AI_STOCK_ANALYZER\services\quantitative\block102_frontend_contract.py                        167
D:\Users\User\Desktop\AI_STOCK_ANALYZER\services\quantitative\block102_frontend_contract.py                        182
D:\Users\User\Desktop\AI_STOCK_ANALYZER\services\quantitative\block102_frontend_contract.py                        191
D:\Users\User\Desktop\AI_STOCK_ANALYZER\services\quantitative\block102_frontend_contract.py                        192
D:\Users\User\Desktop\AI_STOCK_ANALYZER\services\quantitative\block102_frontend_contract.py                        193
D:\Users\User\Desktop\AI_STOCK_ANALYZER\services\quantitative\block102_frontend_contract.py                        238
D:\Users\User\Desktop\AI_STOCK_ANALYZER\services\quantitative\block102_frontend_contract.py                        239
D:\Users\User\Desktop\AI_STOCK_ANALYZER\services\quantitative\block102_frontend_contract.py                        270
D:\Users\User\Desktop\AI_STOCK_ANALYZER\services\quantitative\block102_frontend_contract.py                        271
D:\Users\User\Desktop\AI_STOCK_ANALYZER\services\quantitative\block102_frontend_contract.py                        273
D:\Users\User\Desktop\AI_STOCK_ANALYZER\services\quantitative\block103_institutional_frontend_read_model.py         54
D:\Users\User\Desktop\AI_STOCK_ANALYZER\services\quantitative\block103_institutional_frontend_read_model.py         83
D:\Users\User\Desktop\AI_STOCK_ANALYZER\services\quantitative\block103_institutional_frontend_read_model.py         89
D:\Users\User\Desktop\AI_STOCK_ANALYZER\services\quantitative\block103_institutional_frontend_read_model.py        145
D:\Users\User\Desktop\AI_STOCK_ANALYZER\services\quantitative\block103_institutional_frontend_read_model.py        150
D:\Users\User\Desktop\AI_STOCK_ANALYZER\services\quantitative\block103_institutional_frontend_read_model.py        170
D:\Users\User\Desktop\AI_STOCK_ANALYZER\services\quantitative\block103_institutional_frontend_read_model.py        171
D:\Users\User\Desktop\AI_STOCK_ANALYZER\services\quantitative\block103_institutional_frontend_read_model.py        172
D:\Users\User\Desktop\AI_STOCK_ANALYZER\services\quantitative\block103_institutional_frontend_read_model.py        173
D:\Users\User\Desktop\AI_STOCK_ANALYZER\services\quantitative\block103_institutional_frontend_read_model.py        187
D:\Users\User\Desktop\AI_STOCK_ANALYZER\services\quantitative\block103_institutional_frontend_read_model.py        212
D:\Users\User\Desktop\AI_STOCK_ANALYZER\services\quantitative\block103_institutional_frontend_read_model.py        215
D:\Users\User\Desktop\AI_STOCK_ANALYZER\services\quantitative\block103_institutional_frontend_read_model.py        216
D:\Users\User\Desktop\AI_STOCK_ANALYZER\services\quantitative\block103_institutional_frontend_read_model.py        234
D:\Users\User\Desktop\AI_STOCK_ANALYZER\services\quantitative\block103_institutional_frontend_read_model.py        248
D:\Users\User\Desktop\AI_STOCK_ANALYZER\services\quantitative\block103_institutional_frontend_read_model.py        264
D:\Users\User\Desktop\AI_STOCK_ANALYZER\services\quantitative\block104_eros_command_center.py                       50
D:\Users\User\Desktop\AI_STOCK_ANALYZER\services\quantitative\block104_eros_command_center.py                       64
D:\Users\User\Desktop\AI_STOCK_ANALYZER\services\quantitative\block104_eros_command_center.py                       65
D:\Users\User\Desktop\AI_STOCK_ANALYZER\services\quantitative\block104_eros_command_center.py                       66
D:\Users\User\Desktop\AI_STOCK_ANALYZER\services\quantitative\block104_eros_command_center.py                       67
D:\Users\User\Desktop\AI_STOCK_ANALYZER\services\quantitative\block104_eros_command_center.py                       69
D:\Users\User\Desktop\AI_STOCK_ANALYZER\services\quantitative\block104_eros_command_center.py                      161
D:\Users\User\Desktop\AI_STOCK_ANALYZER\dashboard\eros_command_center.py                                            12
D:\Users\User\Desktop\AI_STOCK_ANALYZER\dashboard\eros_command_center.py                                            43
D:\Users\User\Desktop\AI_STOCK_ANALYZER\dashboard\eros_command_center.py                                            46
D:\Users\User\Desktop\AI_STOCK_ANALYZER\dashboard\eros_command_center.py                                            52
D:\Users\User\Desktop\AI_STOCK_ANALYZER\dashboard\eros_command_center.py                                            57
D:\Users\User\Desktop\AI_STOCK_ANALYZER\dashboard\eros_command_center.py                                            62
D:\Users\User\Desktop\AI_STOCK_ANALYZER\dashboard\eros_command_center.py                                            67
D:\Users\User\Desktop\AI_STOCK_ANALYZER\dashboard\eros_command_center.py                                           140
D:\Users\User\Desktop\AI_STOCK_ANALYZER\dashboard\eros_command_center.py                                           141
D:\Users\User\Desktop\AI_STOCK_ANALYZER\dashboard\eros_command_center.py                                           148
D:\Users\User\Desktop\AI_STOCK_ANALYZER\dashboard\eros_command_center.py                                           162
D:\Users\User\Desktop\AI_STOCK_ANALYZER\dashboard\eros_command_center.py                                           163
D:\Users\User\Desktop\AI_STOCK_ANALYZER\dashboard\eros_command_center.py                                           168
D:\Users\User\Desktop\AI_STOCK_ANALYZER\dashboard\eros_command_center.py                                           175
D:\Users\User\Desktop\AI_STOCK_ANALYZER\dashboard\eros_command_center.py                                           192
D:\Users\User\Desktop\AI_STOCK_ANALYZER\dashboard\eros_command_center.py                                           197
D:\Users\User\Desktop\AI_STOCK_ANALYZER\dashboard\eros_command_center.py                                           202
D:\Users\User\Desktop\AI_STOCK_ANALYZER\dashboard\eros_command_center.py                                           221
D:\Users\User\Desktop\AI_STOCK_ANALYZER\dashboard\eros_command_center.py                                           222
D:\Users\User\Desktop\AI_STOCK_ANALYZER\dashboard\eros_command_center.py                                           223
D:\Users\User\Desktop\AI_STOCK_ANALYZER\dashboard\eros_command_center.py                                           228
D:\Users\User\Desktop\AI_STOCK_ANALYZER\dashboard\eros_command_center.py                                           229
D:\Users\User\Desktop\AI_STOCK_ANALYZER\dashboard\eros_command_center.py                                           230
D:\Users\User\Desktop\AI_STOCK_ANALYZER\dashboard\eros_command_center.py                                           236
D:\Users\User\Desktop\AI_STOCK_ANALYZER\dashboard\eros_command_center.py                                           243
D:\Users\User\Desktop\AI_STOCK_ANALYZER\dashboard\eros_command_center.py                                           262
D:\Users\User\Desktop\AI_STOCK_ANALYZER\services\quantitative\block100_paper_execution_fill_gate.py                  9
D:\Users\User\Desktop\AI_STOCK_ANALYZER\services\quantitative\block100_paper_execution_fill_gate.py                302
D:\Users\User\Desktop\AI_STOCK_ANALYZER\services\quantitative\block100_paper_execution_fill_gate.py                356
D:\Users\User\Desktop\AI_STOCK_ANALYZER\services\quantitative\block100_paper_execution_fill_gate.py                392
D:\Users\User\Desktop\AI_STOCK_ANALYZER\services\quantitative\block100_paper_execution_fill_gate.py                565
D:\Users\User\Desktop\AI_STOCK_ANALYZER\services\quantitative\block101_execution_evidence_reconciliation.py         97
D:\Users\User\Desktop\AI_STOCK_ANALYZER\services\quantitative\block101_execution_evidence_reconciliation.py        117
D:\Users\User\Desktop\AI_STOCK_ANALYZER\services\quantitative\block101_execution_evidence_reconciliation.py        328
D:\Users\User\Desktop\AI_STOCK_ANALYZER\services\quantitative\block101_execution_evidence_reconciliation.py        371
D:\Users\User\Desktop\AI_STOCK_ANALYZER\services\quantitative\block101_execution_evidence_reconciliation.py        462
D:\Users\User\Desktop\AI_STOCK_ANALYZER\services\quantitative\block102_frontend_contract.py                         25
D:\Users\User\Desktop\AI_STOCK_ANALYZER\services\quantitative\block102_frontend_contract.py                         81
D:\Users\User\Desktop\AI_STOCK_ANALYZER\services\quantitative\block102_frontend_contract.py                         84
D:\Users\User\Desktop\AI_STOCK_ANALYZER\services\quantitative\block102_frontend_contract.py                         85
D:\Users\User\Desktop\AI_STOCK_ANALYZER\services\quantitative\block102_frontend_contract.py                        103
D:\Users\User\Desktop\AI_STOCK_ANALYZER\services\quantitative\block102_frontend_contract.py                        267
D:\Users\User\Desktop\AI_STOCK_ANALYZER\services\quantitative\block102_frontend_contract.py                        268
D:\Users\User\Desktop\AI_STOCK_ANALYZER\services\quantitative\block103_institutional_frontend_read_model.py         17
D:\Users\User\Desktop\AI_STOCK_ANALYZER\services\quantitative\block103_institutional_frontend_read_model.py         55
D:\Users\User\Desktop\AI_STOCK_ANALYZER\services\quantitative\block103_institutional_frontend_read_model.py         86
D:\Users\User\Desktop\AI_STOCK_ANALYZER\services\quantitative\block103_institutional_frontend_read_model.py         94
D:\Users\User\Desktop\AI_STOCK_ANALYZER\services\quantitative\block103_institutional_frontend_read_model.py         95
D:\Users\User\Desktop\AI_STOCK_ANALYZER\services\quantitative\block103_institutional_frontend_read_model.py        100
D:\Users\User\Desktop\AI_STOCK_ANALYZER\services\quantitative\block103_institutional_frontend_read_model.py        148
D:\Users\User\Desktop\AI_STOCK_ANALYZER\services\quantitative\block104_eros_command_center.py                       27
D:\Users\User\Desktop\AI_STOCK_ANALYZER\services\quantitative\block104_eros_command_center.py                       51
D:\Users\User\Desktop\AI_STOCK_ANALYZER\services\quantitative\block104_eros_command_center.py                      166
D:\Users\User\Desktop\AI_STOCK_ANALYZER\dashboard\eros_command_center.py                                           135
D:\Users\User\Desktop\AI_STOCK_ANALYZER\dashboard\eros_command_center.py                                           136
D:\Users\User\Desktop\AI_STOCK_ANALYZER\dashboard\eros_command_center.py                                           147
D:\Users\User\Desktop\AI_STOCK_ANALYZER\services\quantitative\block102_frontend_contract.py                         79
D:\Users\User\Desktop\AI_STOCK_ANALYZER\services\quantitative\block102_frontend_contract.py                         82
D:\Users\User\Desktop\AI_STOCK_ANALYZER\services\quantitative\block102_frontend_contract.py                        107
D:\Users\User\Desktop\AI_STOCK_ANALYZER\services\quantitative\block102_frontend_contract.py                        273
D:\Users\User\Desktop\AI_STOCK_ANALYZER\services\quantitative\block102_frontend_contract.py                        274
D:\Users\User\Desktop\AI_STOCK_ANALYZER\services\quantitative\block103_institutional_frontend_read_model.py         44
D:\Users\User\Desktop\AI_STOCK_ANALYZER\services\quantitative\block103_institutional_frontend_read_model.py         63
D:\Users\User\Desktop\AI_STOCK_ANALYZER\services\quantitative\block103_institutional_frontend_read_model.py         89
D:\Users\User\Desktop\AI_STOCK_ANALYZER\services\quantitative\block103_institutional_frontend_read_model.py         91
D:\Users\User\Desktop\AI_STOCK_ANALYZER\services\quantitative\block103_institutional_frontend_read_model.py         92
D:\Users\User\Desktop\AI_STOCK_ANALYZER\services\quantitative\block103_institutional_frontend_read_model.py         96
D:\Users\User\Desktop\AI_STOCK_ANALYZER\services\quantitative\block103_institutional_frontend_read_model.py        101
D:\Users\User\Desktop\AI_STOCK_ANALYZER\services\quantitative\block103_institutional_frontend_read_model.py        139
D:\Users\User\Desktop\AI_STOCK_ANALYZER\services\quantitative\block103_institutional_frontend_read_model.py        143
D:\Users\User\Desktop\AI_STOCK_ANALYZER\services\quantitative\block103_institutional_frontend_read_model.py        145
D:\Users\User\Desktop\AI_STOCK_ANALYZER\services\quantitative\block103_institutional_frontend_read_model.py        146
D:\Users\User\Desktop\AI_STOCK_ANALYZER\services\quantitative\block103_institutional_frontend_read_model.py        160
D:\Users\User\Desktop\AI_STOCK_ANALYZER\services\quantitative\block104_eros_command_center.py                       61
D:\Users\User\Desktop\AI_STOCK_ANALYZER\services\quantitative\block104_eros_command_center.py                       73
D:\Users\User\Desktop\AI_STOCK_ANALYZER\services\quantitative\block104_eros_command_center.py                       74
D:\Users\User\Desktop\AI_STOCK_ANALYZER\services\quantitative\block104_eros_command_center.py                      172
D:\Users\User\Desktop\AI_STOCK_ANALYZER\services\quantitative\block104_eros_command_center.py                      185
D:\Users\User\Desktop\AI_STOCK_ANALYZER\services\quantitative\block104_eros_command_center.py                      191
D:\Users\User\Desktop\AI_STOCK_ANALYZER\services\quantitative\block104_eros_command_center.py                      195
D:\Users\User\Desktop\AI_STOCK_ANALYZER\dashboard\eros_command_center.py                                           124
D:\Users\User\Desktop\AI_STOCK_ANALYZER\dashboard\eros_command_center.py                                           127
D:\Users\User\Desktop\AI_STOCK_ANALYZER\dashboard\eros_command_center.py                                           129
D:\Users\User\Desktop\AI_STOCK_ANALYZER\dashboard\eros_command_center.py                                           131
D:\Users\User\Desktop\AI_STOCK_ANALYZER\dashboard\eros_command_center.py                                           132
D:\Users\User\Desktop\AI_STOCK_ANALYZER\dashboard\eros_command_center.py                                           134
D:\Users\User\Desktop\AI_STOCK_ANALYZER\services\quantitative\block100_paper_execution_fill_gate.py                317
D:\Users\User\Desktop\AI_STOCK_ANALYZER\services\quantitative\block100_paper_execution_fill_gate.py                319
D:\Users\User\Desktop\AI_STOCK_ANALYZER\services\quantitative\block100_paper_execution_fill_gate.py                433
D:\Users\User\Desktop\AI_STOCK_ANALYZER\services\quantitative\block100_paper_execution_fill_gate.py                436
D:\Users\User\Desktop\AI_STOCK_ANALYZER\services\quantitative\block100_paper_execution_fill_gate.py                580
D:\Users\User\Desktop\AI_STOCK_ANALYZER\services\quantitative\block100_paper_execution_fill_gate.py                582
D:\Users\User\Desktop\AI_STOCK_ANALYZER\services\quantitative\block102_frontend_contract.py                         46
D:\Users\User\Desktop\AI_STOCK_ANALYZER\services\quantitative\block102_frontend_contract.py                         96
D:\Users\User\Desktop\AI_STOCK_ANALYZER\services\quantitative\block102_frontend_contract.py                        122
D:\Users\User\Desktop\AI_STOCK_ANALYZER\services\quantitative\block102_frontend_contract.py                        123
D:\Users\User\Desktop\AI_STOCK_ANALYZER\services\quantitative\block102_frontend_contract.py                        124
D:\Users\User\Desktop\AI_STOCK_ANALYZER\services\quantitative\block102_frontend_contract.py                        125
D:\Users\User\Desktop\AI_STOCK_ANALYZER\services\quantitative\block102_frontend_contract.py                        127
D:\Users\User\Desktop\AI_STOCK_ANALYZER\services\quantitative\block102_frontend_contract.py                        128
D:\Users\User\Desktop\AI_STOCK_ANALYZER\services\quantitative\block102_frontend_contract.py                        130
D:\Users\User\Desktop\AI_STOCK_ANALYZER\services\quantitative\block102_frontend_contract.py                        132
D:\Users\User\Desktop\AI_STOCK_ANALYZER\services\quantitative\block102_frontend_contract.py                        135
D:\Users\User\Desktop\AI_STOCK_ANALYZER\services\quantitative\block102_frontend_contract.py                        138
D:\Users\User\Desktop\AI_STOCK_ANALYZER\services\quantitative\block102_frontend_contract.py                        141
D:\Users\User\Desktop\AI_STOCK_ANALYZER\services\quantitative\block102_frontend_contract.py                        248
D:\Users\User\Desktop\AI_STOCK_ANALYZER\services\quantitative\block103_institutional_frontend_read_model.py         46
D:\Users\User\Desktop\AI_STOCK_ANALYZER\services\quantitative\block103_institutional_frontend_read_model.py         60
D:\Users\User\Desktop\AI_STOCK_ANALYZER\services\quantitative\block103_institutional_frontend_read_model.py         65
D:\Users\User\Desktop\AI_STOCK_ANALYZER\services\quantitative\block103_institutional_frontend_read_model.py        180
D:\Users\User\Desktop\AI_STOCK_ANALYZER\services\quantitative\block103_institutional_frontend_read_model.py        184
D:\Users\User\Desktop\AI_STOCK_ANALYZER\services\quantitative\block103_institutional_frontend_read_model.py        187
D:\Users\User\Desktop\AI_STOCK_ANALYZER\services\quantitative\block103_institutional_frontend_read_model.py        188
D:\Users\User\Desktop\AI_STOCK_ANALYZER\services\quantitative\block103_institutional_frontend_read_model.py        189
D:\Users\User\Desktop\AI_STOCK_ANALYZER\services\quantitative\block103_institutional_frontend_read_model.py        190
D:\Users\User\Desktop\AI_STOCK_ANALYZER\services\quantitative\block103_institutional_frontend_read_model.py        193
D:\Users\User\Desktop\AI_STOCK_ANALYZER\services\quantitative\block103_institutional_frontend_read_model.py        196
D:\Users\User\Desktop\AI_STOCK_ANALYZER\services\quantitative\block103_institutional_frontend_read_model.py        199
D:\Users\User\Desktop\AI_STOCK_ANALYZER\services\quantitative\block104_eros_command_center.py                       58
D:\Users\User\Desktop\AI_STOCK_ANALYZER\services\quantitative\block104_eros_command_center.py                       65
D:\Users\User\Desktop\AI_STOCK_ANALYZER\services\quantitative\block104_eros_command_center.py                       81
D:\Users\User\Desktop\AI_STOCK_ANALYZER\services\quantitative\block104_eros_command_center.py                       82
D:\Users\User\Desktop\AI_STOCK_ANALYZER\services\quantitative\block104_eros_command_center.py                      173
D:\Users\User\Desktop\AI_STOCK_ANALYZER\dashboard\eros_command_center.py                                            39
D:\Users\User\Desktop\AI_STOCK_ANALYZER\dashboard\eros_command_center.py                                            51
D:\Users\User\Desktop\AI_STOCK_ANALYZER\dashboard\eros_command_center.py                                            52
D:\Users\User\Desktop\AI_STOCK_ANALYZER\dashboard\eros_command_center.py                                           152
D:\Users\User\Desktop\AI_STOCK_ANALYZER\dashboard\eros_command_center.py                                           155
D:\Users\User\Desktop\AI_STOCK_ANALYZER\dashboard\eros_command_center.py                                           157
D:\Users\User\Desktop\AI_STOCK_ANALYZER\dashboard\eros_command_center.py                                           163
D:\Users\User\Desktop\AI_STOCK_ANALYZER\dashboard\eros_command_center.py                                           167
D:\Users\User\Desktop\AI_STOCK_ANALYZER\dashboard\eros_command_center.py                                           169
D:\Users\User\Desktop\AI_STOCK_ANALYZER\dashboard\eros_command_center.py                                           176
D:\Users\User\Desktop\AI_STOCK_ANALYZER\services\quantitative\block100_paper_execution_fill_gate.py                 44
D:\Users\User\Desktop\AI_STOCK_ANALYZER\services\quantitative\block100_paper_execution_fill_gate.py                112
D:\Users\User\Desktop\AI_STOCK_ANALYZER\services\quantitative\block100_paper_execution_fill_gate.py                116
D:\Users\User\Desktop\AI_STOCK_ANALYZER\services\quantitative\block100_paper_execution_fill_gate.py                118
D:\Users\User\Desktop\AI_STOCK_ANALYZER\services\quantitative\block100_paper_execution_fill_gate.py                119
D:\Users\User\Desktop\AI_STOCK_ANALYZER\services\quantitative\block100_paper_execution_fill_gate.py                309
D:\Users\User\Desktop\AI_STOCK_ANALYZER\services\quantitative\block100_paper_execution_fill_gate.py                310
D:\Users\User\Desktop\AI_STOCK_ANALYZER\services\quantitative\block100_paper_execution_fill_gate.py                370
D:\Users\User\Desktop\AI_STOCK_ANALYZER\services\quantitative\block100_paper_execution_fill_gate.py                373
D:\Users\User\Desktop\AI_STOCK_ANALYZER\services\quantitative\block100_paper_execution_fill_gate.py                377
D:\Users\User\Desktop\AI_STOCK_ANALYZER\services\quantitative\block100_paper_execution_fill_gate.py                381
D:\Users\User\Desktop\AI_STOCK_ANALYZER\services\quantitative\block100_paper_execution_fill_gate.py                385
D:\Users\User\Desktop\AI_STOCK_ANALYZER\services\quantitative\block100_paper_execution_fill_gate.py                392
D:\Users\User\Desktop\AI_STOCK_ANALYZER\services\quantitative\block100_paper_execution_fill_gate.py                399
D:\Users\User\Desktop\AI_STOCK_ANALYZER\services\quantitative\block100_paper_execution_fill_gate.py                402
D:\Users\User\Desktop\AI_STOCK_ANALYZER\services\quantitative\block100_paper_execution_fill_gate.py                406
D:\Users\User\Desktop\AI_STOCK_ANALYZER\services\quantitative\block100_paper_execution_fill_gate.py                413
D:\Users\User\Desktop\AI_STOCK_ANALYZER\services\quantitative\block100_paper_execution_fill_gate.py                416
D:\Users\User\Desktop\AI_STOCK_ANALYZER\services\quantitative\block100_paper_execution_fill_gate.py                417
D:\Users\User\Desktop\AI_STOCK_ANALYZER\services\quantitative\block100_paper_execution_fill_gate.py                420
D:\Users\User\Desktop\AI_STOCK_ANALYZER\services\quantitative\block100_paper_execution_fill_gate.py                422
D:\Users\User\Desktop\AI_STOCK_ANALYZER\services\quantitative\block100_paper_execution_fill_gate.py                426
D:\Users\User\Desktop\AI_STOCK_ANALYZER\services\quantitative\block100_paper_execution_fill_gate.py                433
D:\Users\User\Desktop\AI_STOCK_ANALYZER\services\quantitative\block100_paper_execution_fill_gate.py                440
D:\Users\User\Desktop\AI_STOCK_ANALYZER\services\quantitative\block100_paper_execution_fill_gate.py                449
D:\Users\User\Desktop\AI_STOCK_ANALYZER\services\quantitative\block100_paper_execution_fill_gate.py                458
D:\Users\User\Desktop\AI_STOCK_ANALYZER\services\quantitative\block100_paper_execution_fill_gate.py                460
D:\Users\User\Desktop\AI_STOCK_ANALYZER\services\quantitative\block100_paper_execution_fill_gate.py                478
D:\Users\User\Desktop\AI_STOCK_ANALYZER\services\quantitative\block100_paper_execution_fill_gate.py                480
D:\Users\User\Desktop\AI_STOCK_ANALYZER\services\quantitative\block100_paper_execution_fill_gate.py                495
D:\Users\User\Desktop\AI_STOCK_ANALYZER\services\quantitative\block100_paper_execution_fill_gate.py                502
D:\Users\User\Desktop\AI_STOCK_ANALYZER\services\quantitative\block100_paper_execution_fill_gate.py                509
D:\Users\User\Desktop\AI_STOCK_ANALYZER\services\quantitative\block100_paper_execution_fill_gate.py                516
D:\Users\User\Desktop\AI_STOCK_ANALYZER\services\quantitative\block100_paper_execution_fill_gate.py                523
D:\Users\User\Desktop\AI_STOCK_ANALYZER\services\quantitative\block100_paper_execution_fill_gate.py                550
D:\Users\User\Desktop\AI_STOCK_ANALYZER\services\quantitative\block100_paper_execution_fill_gate.py                555
D:\Users\User\Desktop\AI_STOCK_ANALYZER\services\quantitative\block100_paper_execution_fill_gate.py                572
D:\Users\User\Desktop\AI_STOCK_ANALYZER\services\quantitative\block100_paper_execution_fill_gate.py                573
D:\Users\User\Desktop\AI_STOCK_ANALYZER\services\quantitative\block100_paper_execution_fill_gate.py                576
D:\Users\User\Desktop\AI_STOCK_ANALYZER\services\quantitative\block100_paper_execution_fill_gate.py                581
D:\Users\User\Desktop\AI_STOCK_ANALYZER\services\quantitative\block100_paper_execution_fill_gate.py                587
D:\Users\User\Desktop\AI_STOCK_ANALYZER\services\quantitative\block100_paper_execution_fill_gate.py                590
D:\Users\User\Desktop\AI_STOCK_ANALYZER\services\quantitative\block100_paper_execution_fill_gate.py                594
D:\Users\User\Desktop\AI_STOCK_ANALYZER\services\quantitative\block100_paper_execution_fill_gate.py                596
D:\Users\User\Desktop\AI_STOCK_ANALYZER\services\quantitative\block100_paper_execution_fill_gate.py                605
D:\Users\User\Desktop\AI_STOCK_ANALYZER\services\quantitative\block100_paper_execution_fill_gate.py                607
D:\Users\User\Desktop\AI_STOCK_ANALYZER\services\quantitative\block100_paper_execution_fill_gate.py                629
D:\Users\User\Desktop\AI_STOCK_ANALYZER\services\quantitative\block100_paper_execution_fill_gate.py                636
D:\Users\User\Desktop\AI_STOCK_ANALYZER\services\quantitative\block100_paper_execution_fill_gate.py                639
D:\Users\User\Desktop\AI_STOCK_ANALYZER\services\quantitative\block100_paper_execution_fill_gate.py                642
D:\Users\User\Desktop\AI_STOCK_ANALYZER\services\quantitative\block100_paper_execution_fill_gate.py                645
D:\Users\User\Desktop\AI_STOCK_ANALYZER\services\quantitative\block100_paper_execution_fill_gate.py                647
D:\Users\User\Desktop\AI_STOCK_ANALYZER\services\quantitative\block100_paper_execution_fill_gate.py                654
D:\Users\User\Desktop\AI_STOCK_ANALYZER\services\quantitative\block100_paper_execution_fill_gate.py                656
D:\Users\User\Desktop\AI_STOCK_ANALYZER\services\quantitative\block101_execution_evidence_reconciliation.py        127
D:\Users\User\Desktop\AI_STOCK_ANALYZER\services\quantitative\block101_execution_evidence_reconciliation.py        129
D:\Users\User\Desktop\AI_STOCK_ANALYZER\services\quantitative\block101_execution_evidence_reconciliation.py        333
D:\Users\User\Desktop\AI_STOCK_ANALYZER\services\quantitative\block101_execution_evidence_reconciliation.py        356
D:\Users\User\Desktop\AI_STOCK_ANALYZER\services\quantitative\block101_execution_evidence_reconciliation.py        357
D:\Users\User\Desktop\AI_STOCK_ANALYZER\services\quantitative\block101_execution_evidence_reconciliation.py        380
D:\Users\User\Desktop\AI_STOCK_ANALYZER\services\quantitative\block101_execution_evidence_reconciliation.py        381
D:\Users\User\Desktop\AI_STOCK_ANALYZER\services\quantitative\block101_execution_evidence_reconciliation.py        467
D:\Users\User\Desktop\AI_STOCK_ANALYZER\services\quantitative\block101_execution_evidence_reconciliation.py        468
D:\Users\User\Desktop\AI_STOCK_ANALYZER\services\quantitative\block102_frontend_contract.py                         47
D:\Users\User\Desktop\AI_STOCK_ANALYZER\services\quantitative\block102_frontend_contract.py                         97
D:\Users\User\Desktop\AI_STOCK_ANALYZER\services\quantitative\block102_frontend_contract.py                        146
D:\Users\User\Desktop\AI_STOCK_ANALYZER\services\quantitative\block102_frontend_contract.py                        147
D:\Users\User\Desktop\AI_STOCK_ANALYZER\services\quantitative\block102_frontend_contract.py                        148
D:\Users\User\Desktop\AI_STOCK_ANALYZER\services\quantitative\block102_frontend_contract.py                        149
D:\Users\User\Desktop\AI_STOCK_ANALYZER\services\quantitative\block102_frontend_contract.py                        151
D:\Users\User\Desktop\AI_STOCK_ANALYZER\services\quantitative\block102_frontend_contract.py                        152
D:\Users\User\Desktop\AI_STOCK_ANALYZER\services\quantitative\block102_frontend_contract.py                        153
D:\Users\User\Desktop\AI_STOCK_ANALYZER\services\quantitative\block102_frontend_contract.py                        156
D:\Users\User\Desktop\AI_STOCK_ANALYZER\services\quantitative\block102_frontend_contract.py                        157
D:\Users\User\Desktop\AI_STOCK_ANALYZER\services\quantitative\block102_frontend_contract.py                        158
D:\Users\User\Desktop\AI_STOCK_ANALYZER\services\quantitative\block102_frontend_contract.py                        159
D:\Users\User\Desktop\AI_STOCK_ANALYZER\services\quantitative\block102_frontend_contract.py                        249
D:\Users\User\Desktop\AI_STOCK_ANALYZER\services\quantitative\block103_institutional_frontend_read_model.py         47
D:\Users\User\Desktop\AI_STOCK_ANALYZER\services\quantitative\block103_institutional_frontend_read_model.py         66
D:\Users\User\Desktop\AI_STOCK_ANALYZER\services\quantitative\block103_institutional_frontend_read_model.py        205
D:\Users\User\Desktop\AI_STOCK_ANALYZER\services\quantitative\block103_institutional_frontend_read_model.py        209
D:\Users\User\Desktop\AI_STOCK_ANALYZER\services\quantitative\block103_institutional_frontend_read_model.py        212
D:\Users\User\Desktop\AI_STOCK_ANALYZER\services\quantitative\block103_institutional_frontend_read_model.py        213
D:\Users\User\Desktop\AI_STOCK_ANALYZER\services\quantitative\block103_institutional_frontend_read_model.py        214
D:\Users\User\Desktop\AI_STOCK_ANALYZER\services\quantitative\block103_institutional_frontend_read_model.py        215
D:\Users\User\Desktop\AI_STOCK_ANALYZER\services\quantitative\block103_institutional_frontend_read_model.py        218
D:\Users\User\Desktop\AI_STOCK_ANALYZER\services\quantitative\block103_institutional_frontend_read_model.py        219
D:\Users\User\Desktop\AI_STOCK_ANALYZER\services\quantitative\block103_institutional_frontend_read_model.py        220
D:\Users\User\Desktop\AI_STOCK_ANALYZER\services\quantitative\block103_institutional_frontend_read_model.py        221
D:\Users\User\Desktop\AI_STOCK_ANALYZER\services\quantitative\block104_eros_command_center.py                       66
D:\Users\User\Desktop\AI_STOCK_ANALYZER\services\quantitative\block104_eros_command_center.py                       85
D:\Users\User\Desktop\AI_STOCK_ANALYZER\services\quantitative\block104_eros_command_center.py                       86
D:\Users\User\Desktop\AI_STOCK_ANALYZER\services\quantitative\block104_eros_command_center.py                      174
D:\Users\User\Desktop\AI_STOCK_ANALYZER\dashboard\eros_command_center.py                                            56
D:\Users\User\Desktop\AI_STOCK_ANALYZER\dashboard\eros_command_center.py                                            57
D:\Users\User\Desktop\AI_STOCK_ANALYZER\dashboard\eros_command_center.py                                           181
D:\Users\User\Desktop\AI_STOCK_ANALYZER\dashboard\eros_command_center.py                                           184
D:\Users\User\Desktop\AI_STOCK_ANALYZER\dashboard\eros_command_center.py                                           186
D:\Users\User\Desktop\AI_STOCK_ANALYZER\dashboard\eros_command_center.py                                           192
D:\Users\User\Desktop\AI_STOCK_ANALYZER\dashboard\eros_command_center.py                                           197
D:\Users\User\Desktop\AI_STOCK_ANALYZER\dashboard\eros_command_center.py                                           202
D:\Users\User\Desktop\AI_STOCK_ANALYZER\dashboard\eros_command_center.py                                           207
D:\Users\User\Desktop\AI_STOCK_ANALYZER\services\quantitative\block100_paper_execution_fill_gate.py                 15
D:\Users\User\Desktop\AI_STOCK_ANALYZER\services\quantitative\block100_paper_execution_fill_gate.py                 16
D:\Users\User\Desktop\AI_STOCK_ANALYZER\services\quantitative\block100_paper_execution_fill_gate.py                 17
D:\Users\User\Desktop\AI_STOCK_ANALYZER\services\quantitative\block100_paper_execution_fill_gate.py                 18
D:\Users\User\Desktop\AI_STOCK_ANALYZER\services\quantitative\block100_paper_execution_fill_gate.py                 38
D:\Users\User\Desktop\AI_STOCK_ANALYZER\services\quantitative\block100_paper_execution_fill_gate.py                 42
D:\Users\User\Desktop\AI_STOCK_ANALYZER\services\quantitative\block100_paper_execution_fill_gate.py                 44
D:\Users\User\Desktop\AI_STOCK_ANALYZER\services\quantitative\block100_paper_execution_fill_gate.py                 45
D:\Users\User\Desktop\AI_STOCK_ANALYZER\services\quantitative\block100_paper_execution_fill_gate.py                 51
D:\Users\User\Desktop\AI_STOCK_ANALYZER\services\quantitative\block100_paper_execution_fill_gate.py                101
D:\Users\User\Desktop\AI_STOCK_ANALYZER\services\quantitative\block100_paper_execution_fill_gate.py                127
D:\Users\User\Desktop\AI_STOCK_ANALYZER\services\quantitative\block100_paper_execution_fill_gate.py                141
D:\Users\User\Desktop\AI_STOCK_ANALYZER\services\quantitative\block100_paper_execution_fill_gate.py                159
D:\Users\User\Desktop\AI_STOCK_ANALYZER\services\quantitative\block100_paper_execution_fill_gate.py                202
D:\Users\User\Desktop\AI_STOCK_ANALYZER\services\quantitative\block100_paper_execution_fill_gate.py                287
D:\Users\User\Desktop\AI_STOCK_ANALYZER\services\quantitative\block100_paper_execution_fill_gate.py                288
D:\Users\User\Desktop\AI_STOCK_ANALYZER\services\quantitative\block100_paper_execution_fill_gate.py                290
D:\Users\User\Desktop\AI_STOCK_ANALYZER\services\quantitative\block100_paper_execution_fill_gate.py                293
D:\Users\User\Desktop\AI_STOCK_ANALYZER\services\quantitative\block100_paper_execution_fill_gate.py                300
D:\Users\User\Desktop\AI_STOCK_ANALYZER\services\quantitative\block100_paper_execution_fill_gate.py                301
D:\Users\User\Desktop\AI_STOCK_ANALYZER\services\quantitative\block100_paper_execution_fill_gate.py                336
D:\Users\User\Desktop\AI_STOCK_ANALYZER\services\quantitative\block100_paper_execution_fill_gate.py                337
D:\Users\User\Desktop\AI_STOCK_ANALYZER\services\quantitative\block100_paper_execution_fill_gate.py                345
D:\Users\User\Desktop\AI_STOCK_ANALYZER\services\quantitative\block100_paper_execution_fill_gate.py                348
D:\Users\User\Desktop\AI_STOCK_ANALYZER\services\quantitative\block100_paper_execution_fill_gate.py                358
D:\Users\User\Desktop\AI_STOCK_ANALYZER\services\quantitative\block100_paper_execution_fill_gate.py                359
D:\Users\User\Desktop\AI_STOCK_ANALYZER\services\quantitative\block100_paper_execution_fill_gate.py                361
D:\Users\User\Desktop\AI_STOCK_ANALYZER\services\quantitative\block100_paper_execution_fill_gate.py                362
D:\Users\User\Desktop\AI_STOCK_ANALYZER\services\quantitative\block100_paper_execution_fill_gate.py                381
D:\Users\User\Desktop\AI_STOCK_ANALYZER\services\quantitative\block100_paper_execution_fill_gate.py                496
D:\Users\User\Desktop\AI_STOCK_ANALYZER\services\quantitative\block100_paper_execution_fill_gate.py                499
D:\Users\User\Desktop\AI_STOCK_ANALYZER\services\quantitative\block100_paper_execution_fill_gate.py                524
D:\Users\User\Desktop\AI_STOCK_ANALYZER\services\quantitative\block100_paper_execution_fill_gate.py                527
D:\Users\User\Desktop\AI_STOCK_ANALYZER\services\quantitative\block100_paper_execution_fill_gate.py                554
D:\Users\User\Desktop\AI_STOCK_ANALYZER\services\quantitative\block100_paper_execution_fill_gate.py                561
D:\Users\User\Desktop\AI_STOCK_ANALYZER\services\quantitative\block100_paper_execution_fill_gate.py                562
D:\Users\User\Desktop\AI_STOCK_ANALYZER\services\quantitative\block100_paper_execution_fill_gate.py                564
D:\Users\User\Desktop\AI_STOCK_ANALYZER\services\quantitative\block100_paper_execution_fill_gate.py                619
D:\Users\User\Desktop\AI_STOCK_ANALYZER\services\quantitative\block100_paper_execution_fill_gate.py                624
D:\Users\User\Desktop\AI_STOCK_ANALYZER\services\quantitative\block100_paper_execution_fill_gate.py                628
D:\Users\User\Desktop\AI_STOCK_ANALYZER\services\quantitative\block100_paper_execution_fill_gate.py                677
D:\Users\User\Desktop\AI_STOCK_ANALYZER\services\quantitative\block101_execution_evidence_reconciliation.py         43
D:\Users\User\Desktop\AI_STOCK_ANALYZER\services\quantitative\block101_execution_evidence_reconciliation.py         47
D:\Users\User\Desktop\AI_STOCK_ANALYZER\services\quantitative\block101_execution_evidence_reconciliation.py         49
D:\Users\User\Desktop\AI_STOCK_ANALYZER\services\quantitative\block101_execution_evidence_reconciliation.py         50
D:\Users\User\Desktop\AI_STOCK_ANALYZER\services\quantitative\block101_execution_evidence_reconciliation.py         54
D:\Users\User\Desktop\AI_STOCK_ANALYZER\services\quantitative\block101_execution_evidence_reconciliation.py         67
D:\Users\User\Desktop\AI_STOCK_ANALYZER\services\quantitative\block101_execution_evidence_reconciliation.py         70
D:\Users\User\Desktop\AI_STOCK_ANALYZER\services\quantitative\block101_execution_evidence_reconciliation.py         90
D:\Users\User\Desktop\AI_STOCK_ANALYZER\services\quantitative\block101_execution_evidence_reconciliation.py         92
D:\Users\User\Desktop\AI_STOCK_ANALYZER\services\quantitative\block101_execution_evidence_reconciliation.py        106
D:\Users\User\Desktop\AI_STOCK_ANALYZER\services\quantitative\block101_execution_evidence_reconciliation.py        109
D:\Users\User\Desktop\AI_STOCK_ANALYZER\services\quantitative\block101_execution_evidence_reconciliation.py        110
D:\Users\User\Desktop\AI_STOCK_ANALYZER\services\quantitative\block101_execution_evidence_reconciliation.py        112
D:\Users\User\Desktop\AI_STOCK_ANALYZER\services\quantitative\block101_execution_evidence_reconciliation.py        117
D:\Users\User\Desktop\AI_STOCK_ANALYZER\services\quantitative\block101_execution_evidence_reconciliation.py        122
D:\Users\User\Desktop\AI_STOCK_ANALYZER\services\quantitative\block101_execution_evidence_reconciliation.py        124
D:\Users\User\Desktop\AI_STOCK_ANALYZER\services\quantitative\block101_execution_evidence_reconciliation.py        127
D:\Users\User\Desktop\AI_STOCK_ANALYZER\services\quantitative\block101_execution_evidence_reconciliation.py        132
D:\Users\User\Desktop\AI_STOCK_ANALYZER\services\quantitative\block101_execution_evidence_reconciliation.py        133
D:\Users\User\Desktop\AI_STOCK_ANALYZER\services\quantitative\block101_execution_evidence_reconciliation.py        136
D:\Users\User\Desktop\AI_STOCK_ANALYZER\services\quantitative\block101_execution_evidence_reconciliation.py        142
D:\Users\User\Desktop\AI_STOCK_ANALYZER\services\quantitative\block101_execution_evidence_reconciliation.py        146
D:\Users\User\Desktop\AI_STOCK_ANALYZER\services\quantitative\block101_execution_evidence_reconciliation.py        159
D:\Users\User\Desktop\AI_STOCK_ANALYZER\services\quantitative\block101_execution_evidence_reconciliation.py        163
D:\Users\User\Desktop\AI_STOCK_ANALYZER\services\quantitative\block101_execution_evidence_reconciliation.py        182
D:\Users\User\Desktop\AI_STOCK_ANALYZER\services\quantitative\block101_execution_evidence_reconciliation.py        191
D:\Users\User\Desktop\AI_STOCK_ANALYZER\services\quantitative\block101_execution_evidence_reconciliation.py        221
D:\Users\User\Desktop\AI_STOCK_ANALYZER\services\quantitative\block101_execution_evidence_reconciliation.py        233
D:\Users\User\Desktop\AI_STOCK_ANALYZER\services\quantitative\block101_execution_evidence_reconciliation.py        238
D:\Users\User\Desktop\AI_STOCK_ANALYZER\services\quantitative\block101_execution_evidence_reconciliation.py        245
D:\Users\User\Desktop\AI_STOCK_ANALYZER\services\quantitative\block101_execution_evidence_reconciliation.py        252
D:\Users\User\Desktop\AI_STOCK_ANALYZER\services\quantitative\block101_execution_evidence_reconciliation.py        259
D:\Users\User\Desktop\AI_STOCK_ANALYZER\services\quantitative\block101_execution_evidence_reconciliation.py        260
D:\Users\User\Desktop\AI_STOCK_ANALYZER\services\quantitative\block101_execution_evidence_reconciliation.py        263
D:\Users\User\Desktop\AI_STOCK_ANALYZER\services\quantitative\block101_execution_evidence_reconciliation.py        275
D:\Users\User\Desktop\AI_STOCK_ANALYZER\services\quantitative\block101_execution_evidence_reconciliation.py        276
D:\Users\User\Desktop\AI_STOCK_ANALYZER\services\quantitative\block101_execution_evidence_reconciliation.py        330
D:\Users\User\Desktop\AI_STOCK_ANALYZER\services\quantitative\block101_execution_evidence_reconciliation.py        337
D:\Users\User\Desktop\AI_STOCK_ANALYZER\services\quantitative\block101_execution_evidence_reconciliation.py        353
D:\Users\User\Desktop\AI_STOCK_ANALYZER\services\quantitative\block101_execution_evidence_reconciliation.py        354
D:\Users\User\Desktop\AI_STOCK_ANALYZER\services\quantitative\block101_execution_evidence_reconciliation.py        378
D:\Users\User\Desktop\AI_STOCK_ANALYZER\services\quantitative\block101_execution_evidence_reconciliation.py        379
D:\Users\User\Desktop\AI_STOCK_ANALYZER\services\quantitative\block101_execution_evidence_reconciliation.py        407
D:\Users\User\Desktop\AI_STOCK_ANALYZER\services\quantitative\block101_execution_evidence_reconciliation.py        410
D:\Users\User\Desktop\AI_STOCK_ANALYZER\services\quantitative\block101_execution_evidence_reconciliation.py        412
D:\Users\User\Desktop\AI_STOCK_ANALYZER\services\quantitative\block101_execution_evidence_reconciliation.py        431
D:\Users\User\Desktop\AI_STOCK_ANALYZER\services\quantitative\block101_execution_evidence_reconciliation.py        457
D:\Users\User\Desktop\AI_STOCK_ANALYZER\services\quantitative\block101_execution_evidence_reconciliation.py        458
D:\Users\User\Desktop\AI_STOCK_ANALYZER\services\quantitative\block101_execution_evidence_reconciliation.py        465
D:\Users\User\Desktop\AI_STOCK_ANALYZER\services\quantitative\block101_execution_evidence_reconciliation.py        466
D:\Users\User\Desktop\AI_STOCK_ANALYZER\services\quantitative\block101_execution_evidence_reconciliation.py        473
D:\Users\User\Desktop\AI_STOCK_ANALYZER\services\quantitative\block102_frontend_contract.py                         13
D:\Users\User\Desktop\AI_STOCK_ANALYZER\services\quantitative\block102_frontend_contract.py                         20
D:\Users\User\Desktop\AI_STOCK_ANALYZER\services\quantitative\block102_frontend_contract.py                         37
D:\Users\User\Desktop\AI_STOCK_ANALYZER\services\quantitative\block102_frontend_contract.py                         46
D:\Users\User\Desktop\AI_STOCK_ANALYZER\services\quantitative\block102_frontend_contract.py                         47
D:\Users\User\Desktop\AI_STOCK_ANALYZER\services\quantitative\block102_frontend_contract.py                         48
D:\Users\User\Desktop\AI_STOCK_ANALYZER\services\quantitative\block102_frontend_contract.py                         49
D:\Users\User\Desktop\AI_STOCK_ANALYZER\services\quantitative\block102_frontend_contract.py                         89
D:\Users\User\Desktop\AI_STOCK_ANALYZER\services\quantitative\block102_frontend_contract.py                         90
D:\Users\User\Desktop\AI_STOCK_ANALYZER\services\quantitative\block102_frontend_contract.py                         98
D:\Users\User\Desktop\AI_STOCK_ANALYZER\services\quantitative\block102_frontend_contract.py                        128
D:\Users\User\Desktop\AI_STOCK_ANALYZER\services\quantitative\block102_frontend_contract.py                        129
D:\Users\User\Desktop\AI_STOCK_ANALYZER\services\quantitative\block102_frontend_contract.py                        164
D:\Users\User\Desktop\AI_STOCK_ANALYZER\services\quantitative\block102_frontend_contract.py                        165
D:\Users\User\Desktop\AI_STOCK_ANALYZER\services\quantitative\block102_frontend_contract.py                        166
D:\Users\User\Desktop\AI_STOCK_ANALYZER\services\quantitative\block102_frontend_contract.py                        167
D:\Users\User\Desktop\AI_STOCK_ANALYZER\services\quantitative\block102_frontend_contract.py                        169
D:\Users\User\Desktop\AI_STOCK_ANALYZER\services\quantitative\block102_frontend_contract.py                        170
D:\Users\User\Desktop\AI_STOCK_ANALYZER\services\quantitative\block102_frontend_contract.py                        171
D:\Users\User\Desktop\AI_STOCK_ANALYZER\services\quantitative\block102_frontend_contract.py                        172
D:\Users\User\Desktop\AI_STOCK_ANALYZER\services\quantitative\block102_frontend_contract.py                        175
D:\Users\User\Desktop\AI_STOCK_ANALYZER\services\quantitative\block102_frontend_contract.py                        178
D:\Users\User\Desktop\AI_STOCK_ANALYZER\services\quantitative\block102_frontend_contract.py                        181
D:\Users\User\Desktop\AI_STOCK_ANALYZER\services\quantitative\block102_frontend_contract.py                        182
D:\Users\User\Desktop\AI_STOCK_ANALYZER\services\quantitative\block102_frontend_contract.py                        183
D:\Users\User\Desktop\AI_STOCK_ANALYZER\services\quantitative\block102_frontend_contract.py                        184
D:\Users\User\Desktop\AI_STOCK_ANALYZER\services\quantitative\block102_frontend_contract.py                        187
D:\Users\User\Desktop\AI_STOCK_ANALYZER\services\quantitative\block102_frontend_contract.py                        198
D:\Users\User\Desktop\AI_STOCK_ANALYZER\services\quantitative\block102_frontend_contract.py                        199
D:\Users\User\Desktop\AI_STOCK_ANALYZER\services\quantitative\block102_frontend_contract.py                        250
D:\Users\User\Desktop\AI_STOCK_ANALYZER\services\quantitative\block103_institutional_frontend_read_model.py         48
D:\Users\User\Desktop\AI_STOCK_ANALYZER\services\quantitative\block103_institutional_frontend_read_model.py         60
D:\Users\User\Desktop\AI_STOCK_ANALYZER\services\quantitative\block103_institutional_frontend_read_model.py         67
D:\Users\User\Desktop\AI_STOCK_ANALYZER\services\quantitative\block103_institutional_frontend_read_model.py        130
D:\Users\User\Desktop\AI_STOCK_ANALYZER\services\quantitative\block103_institutional_frontend_read_model.py        132
D:\Users\User\Desktop\AI_STOCK_ANALYZER\services\quantitative\block103_institutional_frontend_read_model.py        133
D:\Users\User\Desktop\AI_STOCK_ANALYZER\services\quantitative\block103_institutional_frontend_read_model.py        153
D:\Users\User\Desktop\AI_STOCK_ANALYZER\services\quantitative\block103_institutional_frontend_read_model.py        154
D:\Users\User\Desktop\AI_STOCK_ANALYZER\services\quantitative\block103_institutional_frontend_read_model.py        189
D:\Users\User\Desktop\AI_STOCK_ANALYZER\services\quantitative\block103_institutional_frontend_read_model.py        227
D:\Users\User\Desktop\AI_STOCK_ANALYZER\services\quantitative\block103_institutional_frontend_read_model.py        231
D:\Users\User\Desktop\AI_STOCK_ANALYZER\services\quantitative\block103_institutional_frontend_read_model.py        234
D:\Users\User\Desktop\AI_STOCK_ANALYZER\services\quantitative\block103_institutional_frontend_read_model.py        235
D:\Users\User\Desktop\AI_STOCK_ANALYZER\services\quantitative\block103_institutional_frontend_read_model.py        236
D:\Users\User\Desktop\AI_STOCK_ANALYZER\services\quantitative\block103_institutional_frontend_read_model.py        237
D:\Users\User\Desktop\AI_STOCK_ANALYZER\services\quantitative\block103_institutional_frontend_read_model.py        238
D:\Users\User\Desktop\AI_STOCK_ANALYZER\services\quantitative\block103_institutional_frontend_read_model.py        241
D:\Users\User\Desktop\AI_STOCK_ANALYZER\services\quantitative\block103_institutional_frontend_read_model.py        244
D:\Users\User\Desktop\AI_STOCK_ANALYZER\services\quantitative\block103_institutional_frontend_read_model.py        247
D:\Users\User\Desktop\AI_STOCK_ANALYZER\services\quantitative\block103_institutional_frontend_read_model.py        248
D:\Users\User\Desktop\AI_STOCK_ANALYZER\services\quantitative\block103_institutional_frontend_read_model.py        249
D:\Users\User\Desktop\AI_STOCK_ANALYZER\services\quantitative\block103_institutional_frontend_read_model.py        250
D:\Users\User\Desktop\AI_STOCK_ANALYZER\services\quantitative\block103_institutional_frontend_read_model.py        253
D:\Users\User\Desktop\AI_STOCK_ANALYZER\services\quantitative\block103_institutional_frontend_read_model.py        268
D:\Users\User\Desktop\AI_STOCK_ANALYZER\services\quantitative\block103_institutional_frontend_read_model.py        269
D:\Users\User\Desktop\AI_STOCK_ANALYZER\services\quantitative\block103_institutional_frontend_read_model.py        332
D:\Users\User\Desktop\AI_STOCK_ANALYZER\services\quantitative\block103_institutional_frontend_read_model.py        333
D:\Users\User\Desktop\AI_STOCK_ANALYZER\services\quantitative\block104_eros_command_center.py                       19
D:\Users\User\Desktop\AI_STOCK_ANALYZER\services\quantitative\block104_eros_command_center.py                       58
D:\Users\User\Desktop\AI_STOCK_ANALYZER\services\quantitative\block104_eros_command_center.py                       67
D:\Users\User\Desktop\AI_STOCK_ANALYZER\services\quantitative\block104_eros_command_center.py                       89
D:\Users\User\Desktop\AI_STOCK_ANALYZER\services\quantitative\block104_eros_command_center.py                       90
D:\Users\User\Desktop\AI_STOCK_ANALYZER\services\quantitative\block104_eros_command_center.py                      126
D:\Users\User\Desktop\AI_STOCK_ANALYZER\services\quantitative\block104_eros_command_center.py                      127
D:\Users\User\Desktop\AI_STOCK_ANALYZER\services\quantitative\block104_eros_command_center.py                      138
D:\Users\User\Desktop\AI_STOCK_ANALYZER\services\quantitative\block104_eros_command_center.py                      175
D:\Users\User\Desktop\AI_STOCK_ANALYZER\services\quantitative\block104_eros_command_center.py                      218
D:\Users\User\Desktop\AI_STOCK_ANALYZER\services\quantitative\block104_eros_command_center.py                      221
D:\Users\User\Desktop\AI_STOCK_ANALYZER\dashboard\eros_command_center.py                                            27
D:\Users\User\Desktop\AI_STOCK_ANALYZER\dashboard\eros_command_center.py                                            39
D:\Users\User\Desktop\AI_STOCK_ANALYZER\dashboard\eros_command_center.py                                            56
D:\Users\User\Desktop\AI_STOCK_ANALYZER\dashboard\eros_command_center.py                                            61
D:\Users\User\Desktop\AI_STOCK_ANALYZER\dashboard\eros_command_center.py                                            62
D:\Users\User\Desktop\AI_STOCK_ANALYZER\dashboard\eros_command_center.py                                            76
D:\Users\User\Desktop\AI_STOCK_ANALYZER\dashboard\eros_command_center.py                                            88
D:\Users\User\Desktop\AI_STOCK_ANALYZER\dashboard\eros_command_center.py                                            95
D:\Users\User\Desktop\AI_STOCK_ANALYZER\dashboard\eros_command_center.py                                            97
D:\Users\User\Desktop\AI_STOCK_ANALYZER\dashboard\eros_command_center.py                                           111
D:\Users\User\Desktop\AI_STOCK_ANALYZER\dashboard\eros_command_center.py                                           115
D:\Users\User\Desktop\AI_STOCK_ANALYZER\dashboard\eros_command_center.py                                           120
D:\Users\User\Desktop\AI_STOCK_ANALYZER\dashboard\eros_command_center.py                                           176
D:\Users\User\Desktop\AI_STOCK_ANALYZER\dashboard\eros_command_center.py                                           181
D:\Users\User\Desktop\AI_STOCK_ANALYZER\dashboard\eros_command_center.py                                           184
D:\Users\User\Desktop\AI_STOCK_ANALYZER\dashboard\eros_command_center.py                                           211
D:\Users\User\Desktop\AI_STOCK_ANALYZER\dashboard\eros_command_center.py                                           214
D:\Users\User\Desktop\AI_STOCK_ANALYZER\dashboard\eros_command_center.py                                           216
D:\Users\User\Desktop\AI_STOCK_ANALYZER\dashboard\eros_command_center.py                                           221
D:\Users\User\Desktop\AI_STOCK_ANALYZER\dashboard\eros_command_center.py                                           223
D:\Users\User\Desktop\AI_STOCK_ANALYZER\dashboard\eros_command_center.py                                           230
D:\Users\User\Desktop\AI_STOCK_ANALYZER\dashboard\eros_command_center.py                                           237
D:\Users\User\Desktop\AI_STOCK_ANALYZER\dashboard\eros_command_center.py                                           244
D:\Users\User\Desktop\AI_STOCK_ANALYZER\dashboard\eros_command_center.py                                           252
D:\Users\User\Desktop\AI_STOCK_ANALYZER\dashboard\eros_command_center.py                                           257
D:\Users\User\Desktop\AI_STOCK_ANALYZER\dashboard\eros_command_center.py                                           263
D:\Users\User\Desktop\AI_STOCK_ANALYZER\dashboard\eros_command_center.py                                           269
D:\Users\User\Desktop\AI_STOCK_ANALYZER\dashboard\eros_command_center.py                                           352
D:\Users\User\Desktop\AI_STOCK_ANALYZER\services\quantitative\block101_execution_evidence_reconciliation.py         43
D:\Users\User\Desktop\AI_STOCK_ANALYZER\services\quantitative\block101_execution_evidence_reconciliation.py         47
D:\Users\User\Desktop\AI_STOCK_ANALYZER\services\quantitative\block101_execution_evidence_reconciliation.py         58
D:\Users\User\Desktop\AI_STOCK_ANALYZER\services\quantitative\block101_execution_evidence_reconciliation.py         79
D:\Users\User\Desktop\AI_STOCK_ANALYZER\services\quantitative\block101_execution_evidence_reconciliation.py         84
D:\Users\User\Desktop\AI_STOCK_ANALYZER\services\quantitative\block101_execution_evidence_reconciliation.py         99
D:\Users\User\Desktop\AI_STOCK_ANALYZER\services\quantitative\block101_execution_evidence_reconciliation.py        100
D:\Users\User\Desktop\AI_STOCK_ANALYZER\services\quantitative\block101_execution_evidence_reconciliation.py        338
D:\Users\User\Desktop\AI_STOCK_ANALYZER\services\quantitative\block101_execution_evidence_reconciliation.py        348
D:\Users\User\Desktop\AI_STOCK_ANALYZER\services\quantitative\block101_execution_evidence_reconciliation.py        350
D:\Users\User\Desktop\AI_STOCK_ANALYZER\services\quantitative\block101_execution_evidence_reconciliation.py        359
D:\Users\User\Desktop\AI_STOCK_ANALYZER\services\quantitative\block101_execution_evidence_reconciliation.py        360
D:\Users\User\Desktop\AI_STOCK_ANALYZER\services\quantitative\block101_execution_evidence_reconciliation.py        365
D:\Users\User\Desktop\AI_STOCK_ANALYZER\services\quantitative\block101_execution_evidence_reconciliation.py        366
D:\Users\User\Desktop\AI_STOCK_ANALYZER\services\quantitative\block101_execution_evidence_reconciliation.py        367
D:\Users\User\Desktop\AI_STOCK_ANALYZER\services\quantitative\block101_execution_evidence_reconciliation.py        368
D:\Users\User\Desktop\AI_STOCK_ANALYZER\services\quantitative\block101_execution_evidence_reconciliation.py        409
D:\Users\User\Desktop\AI_STOCK_ANALYZER\services\quantitative\block101_execution_evidence_reconciliation.py        411
D:\Users\User\Desktop\AI_STOCK_ANALYZER\services\quantitative\block101_execution_evidence_reconciliation.py        453
D:\Users\User\Desktop\AI_STOCK_ANALYZER\services\quantitative\block101_execution_evidence_reconciliation.py        454
D:\Users\User\Desktop\AI_STOCK_ANALYZER\services\quantitative\block101_execution_evidence_reconciliation.py        455
D:\Users\User\Desktop\AI_STOCK_ANALYZER\services\quantitative\block101_execution_evidence_reconciliation.py        469
D:\Users\User\Desktop\AI_STOCK_ANALYZER\services\quantitative\block102_frontend_contract.py                         49
D:\Users\User\Desktop\AI_STOCK_ANALYZER\services\quantitative\block102_frontend_contract.py                         99
D:\Users\User\Desktop\AI_STOCK_ANALYZER\services\quantitative\block102_frontend_contract.py                        190
D:\Users\User\Desktop\AI_STOCK_ANALYZER\services\quantitative\block102_frontend_contract.py                        191
D:\Users\User\Desktop\AI_STOCK_ANALYZER\services\quantitative\block102_frontend_contract.py                        192
D:\Users\User\Desktop\AI_STOCK_ANALYZER\services\quantitative\block102_frontend_contract.py                        193
D:\Users\User\Desktop\AI_STOCK_ANALYZER\services\quantitative\block102_frontend_contract.py                        195
D:\Users\User\Desktop\AI_STOCK_ANALYZER\services\quantitative\block102_frontend_contract.py                        196
D:\Users\User\Desktop\AI_STOCK_ANALYZER\services\quantitative\block102_frontend_contract.py                        198
D:\Users\User\Desktop\AI_STOCK_ANALYZER\services\quantitative\block102_frontend_contract.py                        201
D:\Users\User\Desktop\AI_STOCK_ANALYZER\services\quantitative\block102_frontend_contract.py                        204
D:\Users\User\Desktop\AI_STOCK_ANALYZER\services\quantitative\block102_frontend_contract.py                        207
D:\Users\User\Desktop\AI_STOCK_ANALYZER\services\quantitative\block102_frontend_contract.py                        210
D:\Users\User\Desktop\AI_STOCK_ANALYZER\services\quantitative\block102_frontend_contract.py                        213
D:\Users\User\Desktop\AI_STOCK_ANALYZER\services\quantitative\block102_frontend_contract.py                        251
D:\Users\User\Desktop\AI_STOCK_ANALYZER\services\quantitative\block103_institutional_frontend_read_model.py         49
D:\Users\User\Desktop\AI_STOCK_ANALYZER\services\quantitative\block103_institutional_frontend_read_model.py         60
D:\Users\User\Desktop\AI_STOCK_ANALYZER\services\quantitative\block103_institutional_frontend_read_model.py         68
D:\Users\User\Desktop\AI_STOCK_ANALYZER\services\quantitative\block103_institutional_frontend_read_model.py        257
D:\Users\User\Desktop\AI_STOCK_ANALYZER\services\quantitative\block103_institutional_frontend_read_model.py        261
D:\Users\User\Desktop\AI_STOCK_ANALYZER\services\quantitative\block103_institutional_frontend_read_model.py        264
D:\Users\User\Desktop\AI_STOCK_ANALYZER\services\quantitative\block103_institutional_frontend_read_model.py        265
D:\Users\User\Desktop\AI_STOCK_ANALYZER\services\quantitative\block103_institutional_frontend_read_model.py        266
D:\Users\User\Desktop\AI_STOCK_ANALYZER\services\quantitative\block103_institutional_frontend_read_model.py        268
D:\Users\User\Desktop\AI_STOCK_ANALYZER\services\quantitative\block103_institutional_frontend_read_model.py        271
D:\Users\User\Desktop\AI_STOCK_ANALYZER\services\quantitative\block103_institutional_frontend_read_model.py        274
D:\Users\User\Desktop\AI_STOCK_ANALYZER\services\quantitative\block103_institutional_frontend_read_model.py        277
D:\Users\User\Desktop\AI_STOCK_ANALYZER\services\quantitative\block103_institutional_frontend_read_model.py        280
D:\Users\User\Desktop\AI_STOCK_ANALYZER\services\quantitative\block103_institutional_frontend_read_model.py        283
D:\Users\User\Desktop\AI_STOCK_ANALYZER\services\quantitative\block104_eros_command_center.py                       59
D:\Users\User\Desktop\AI_STOCK_ANALYZER\services\quantitative\block104_eros_command_center.py                       68
D:\Users\User\Desktop\AI_STOCK_ANALYZER\services\quantitative\block104_eros_command_center.py                       93
D:\Users\User\Desktop\AI_STOCK_ANALYZER\services\quantitative\block104_eros_command_center.py                       94
D:\Users\User\Desktop\AI_STOCK_ANALYZER\services\quantitative\block104_eros_command_center.py                      176
D:\Users\User\Desktop\AI_STOCK_ANALYZER\dashboard\eros_command_center.py                                            39
D:\Users\User\Desktop\AI_STOCK_ANALYZER\dashboard\eros_command_center.py                                            66
D:\Users\User\Desktop\AI_STOCK_ANALYZER\dashboard\eros_command_center.py                                            67
D:\Users\User\Desktop\AI_STOCK_ANALYZER\dashboard\eros_command_center.py                                           273
D:\Users\User\Desktop\AI_STOCK_ANALYZER\dashboard\eros_command_center.py                                           276
D:\Users\User\Desktop\AI_STOCK_ANALYZER\dashboard\eros_command_center.py                                           278
D:\Users\User\Desktop\AI_STOCK_ANALYZER\dashboard\eros_command_center.py                                           285
D:\Users\User\Desktop\AI_STOCK_ANALYZER\dashboard\eros_command_center.py                                           292
D:\Users\User\Desktop\AI_STOCK_ANALYZER\dashboard\eros_command_center.py                                           299
D:\Users\User\Desktop\AI_STOCK_ANALYZER\dashboard\eros_command_center.py                                           306
D:\Users\User\Desktop\AI_STOCK_ANALYZER\dashboard\eros_command_center.py                                           313
D:\Users\User\Desktop\AI_STOCK_ANALYZER\services\quantitative\block101_execution_evidence_reconciliation.py         51
D:\Users\User\Desktop\AI_STOCK_ANALYZER\services\quantitative\block101_execution_evidence_reconciliation.py        327
D:\Users\User\Desktop\AI_STOCK_ANALYZER\services\quantitative\block101_execution_evidence_reconciliation.py        345
D:\Users\User\Desktop\AI_STOCK_ANALYZER\services\quantitative\block101_execution_evidence_reconciliation.py        422
D:\Users\User\Desktop\AI_STOCK_ANALYZER\services\quantitative\block101_execution_evidence_reconciliation.py        423
D:\Users\User\Desktop\AI_STOCK_ANALYZER\services\quantitative\block102_frontend_contract.py                        213
D:\Users\User\Desktop\AI_STOCK_ANALYZER\services\quantitative\block102_frontend_contract.py                        214
D:\Users\User\Desktop\AI_STOCK_ANALYZER\services\quantitative\block102_frontend_contract.py                        218
D:\Users\User\Desktop\AI_STOCK_ANALYZER\services\quantitative\block103_institutional_frontend_read_model.py         50
D:\Users\User\Desktop\AI_STOCK_ANALYZER\services\quantitative\block103_institutional_frontend_read_model.py         69
D:\Users\User\Desktop\AI_STOCK_ANALYZER\services\quantitative\block103_institutional_frontend_read_model.py        283
D:\Users\User\Desktop\AI_STOCK_ANALYZER\services\quantitative\block103_institutional_frontend_read_model.py        284
D:\Users\User\Desktop\AI_STOCK_ANALYZER\services\quantitative\block103_institutional_frontend_read_model.py        289
D:\Users\User\Desktop\AI_STOCK_ANALYZER\services\quantitative\block103_institutional_frontend_read_model.py        293
D:\Users\User\Desktop\AI_STOCK_ANALYZER\services\quantitative\block103_institutional_frontend_read_model.py        296
D:\Users\User\Desktop\AI_STOCK_ANALYZER\services\quantitative\block103_institutional_frontend_read_model.py        297
D:\Users\User\Desktop\AI_STOCK_ANALYZER\services\quantitative\block103_institutional_frontend_read_model.py        298
D:\Users\User\Desktop\AI_STOCK_ANALYZER\services\quantitative\block103_institutional_frontend_read_model.py        299
D:\Users\User\Desktop\AI_STOCK_ANALYZER\services\quantitative\block103_institutional_frontend_read_model.py        300
D:\Users\User\Desktop\AI_STOCK_ANALYZER\services\quantitative\block103_institutional_frontend_read_model.py        301
D:\Users\User\Desktop\AI_STOCK_ANALYZER\services\quantitative\block103_institutional_frontend_read_model.py        302
D:\Users\User\Desktop\AI_STOCK_ANALYZER\services\quantitative\block103_institutional_frontend_read_model.py        303
D:\Users\User\Desktop\AI_STOCK_ANALYZER\services\quantitative\block104_eros_command_center.py                       97
D:\Users\User\Desktop\AI_STOCK_ANALYZER\services\quantitative\block104_eros_command_center.py                       98
D:\Users\User\Desktop\AI_STOCK_ANALYZER\services\quantitative\block104_eros_command_center.py                      177
D:\Users\User\Desktop\AI_STOCK_ANALYZER\dashboard\eros_command_center.py                                           311
D:\Users\User\Desktop\AI_STOCK_ANALYZER\dashboard\eros_command_center.py                                           313
D:\Users\User\Desktop\AI_STOCK_ANALYZER\dashboard\eros_command_center.py                                           318
D:\Users\User\Desktop\AI_STOCK_ANALYZER\dashboard\eros_command_center.py                                           321
D:\Users\User\Desktop\AI_STOCK_ANALYZER\dashboard\eros_command_center.py                                           323
D:\Users\User\Desktop\AI_STOCK_ANALYZER\dashboard\eros_command_center.py                                           325
D:\Users\User\Desktop\AI_STOCK_ANALYZER\dashboard\eros_command_center.py                                           326
D:\Users\User\Desktop\AI_STOCK_ANALYZER\dashboard\eros_command_center.py                                           328
D:\Users\User\Desktop\AI_STOCK_ANALYZER\dashboard\eros_command_center.py                                           329
D:\Users\User\Desktop\AI_STOCK_ANALYZER\dashboard\eros_command_center.py                                           337
D:\Users\User\Desktop\AI_STOCK_ANALYZER\services\quantitative\block102_frontend_contract.py                         28
D:\Users\User\Desktop\AI_STOCK_ANALYZER\services\quantitative\block102_frontend_contract.py                        229
D:\Users\User\Desktop\AI_STOCK_ANALYZER\services\quantitative\block102_frontend_contract.py                        259
D:\Users\User\Desktop\AI_STOCK_ANALYZER\services\quantitative\block102_frontend_contract.py                        261
D:\Users\User\Desktop\AI_STOCK_ANALYZER\services\quantitative\block102_frontend_contract.py                        262
D:\Users\User\Desktop\AI_STOCK_ANALYZER\services\quantitative\block102_frontend_contract.py                        264
D:\Users\User\Desktop\AI_STOCK_ANALYZER\services\quantitative\block103_institutional_frontend_read_model.py         51
D:\Users\User\Desktop\AI_STOCK_ANALYZER\services\quantitative\block103_institutional_frontend_read_model.py         70
D:\Users\User\Desktop\AI_STOCK_ANALYZER\services\quantitative\block103_institutional_frontend_read_model.py        103
D:\Users\User\Desktop\AI_STOCK_ANALYZER\services\quantitative\block103_institutional_frontend_read_model.py        105
D:\Users\User\Desktop\AI_STOCK_ANALYZER\services\quantitative\block103_institutional_frontend_read_model.py        106
D:\Users\User\Desktop\AI_STOCK_ANALYZER\services\quantitative\block103_institutional_frontend_read_model.py        108
D:\Users\User\Desktop\AI_STOCK_ANALYZER\services\quantitative\block103_institutional_frontend_read_model.py        111
D:\Users\User\Desktop\AI_STOCK_ANALYZER\services\quantitative\block103_institutional_frontend_read_model.py        114
D:\Users\User\Desktop\AI_STOCK_ANALYZER\services\quantitative\block103_institutional_frontend_read_model.py        117
D:\Users\User\Desktop\AI_STOCK_ANALYZER\services\quantitative\block103_institutional_frontend_read_model.py        120
D:\Users\User\Desktop\AI_STOCK_ANALYZER\services\quantitative\block103_institutional_frontend_read_model.py        123
D:\Users\User\Desktop\AI_STOCK_ANALYZER\services\quantitative\block103_institutional_frontend_read_model.py        126
D:\Users\User\Desktop\AI_STOCK_ANALYZER\services\quantitative\block103_institutional_frontend_read_model.py        129
D:\Users\User\Desktop\AI_STOCK_ANALYZER\services\quantitative\block103_institutional_frontend_read_model.py        132
D:\Users\User\Desktop\AI_STOCK_ANALYZER\services\quantitative\block103_institutional_frontend_read_model.py        135
D:\Users\User\Desktop\AI_STOCK_ANALYZER\services\quantitative\block103_institutional_frontend_read_model.py        307
D:\Users\User\Desktop\AI_STOCK_ANALYZER\services\quantitative\block103_institutional_frontend_read_model.py        311
D:\Users\User\Desktop\AI_STOCK_ANALYZER\services\quantitative\block103_institutional_frontend_read_model.py        314
D:\Users\User\Desktop\AI_STOCK_ANALYZER\services\quantitative\block103_institutional_frontend_read_model.py        317
D:\Users\User\Desktop\AI_STOCK_ANALYZER\services\quantitative\block103_institutional_frontend_read_model.py        320
D:\Users\User\Desktop\AI_STOCK_ANALYZER\services\quantitative\block103_institutional_frontend_read_model.py        323
D:\Users\User\Desktop\AI_STOCK_ANALYZER\services\quantitative\block103_institutional_frontend_read_model.py        324
D:\Users\User\Desktop\AI_STOCK_ANALYZER\services\quantitative\block103_institutional_frontend_read_model.py        325
D:\Users\User\Desktop\AI_STOCK_ANALYZER\services\quantitative\block103_institutional_frontend_read_model.py        326
D:\Users\User\Desktop\AI_STOCK_ANALYZER\services\quantitative\block103_institutional_frontend_read_model.py        329
D:\Users\User\Desktop\AI_STOCK_ANALYZER\services\quantitative\block103_institutional_frontend_read_model.py        332
D:\Users\User\Desktop\AI_STOCK_ANALYZER\services\quantitative\block103_institutional_frontend_read_model.py        335
D:\Users\User\Desktop\AI_STOCK_ANALYZER\services\quantitative\block104_eros_command_center.py                      101
D:\Users\User\Desktop\AI_STOCK_ANALYZER\services\quantitative\block104_eros_command_center.py                      102
D:\Users\User\Desktop\AI_STOCK_ANALYZER\services\quantitative\block104_eros_command_center.py                      105
D:\Users\User\Desktop\AI_STOCK_ANALYZER\services\quantitative\block104_eros_command_center.py                      108
D:\Users\User\Desktop\AI_STOCK_ANALYZER\services\quantitative\block104_eros_command_center.py                      111
D:\Users\User\Desktop\AI_STOCK_ANALYZER\services\quantitative\block104_eros_command_center.py                      114
D:\Users\User\Desktop\AI_STOCK_ANALYZER\services\quantitative\block104_eros_command_center.py                      117
D:\Users\User\Desktop\AI_STOCK_ANALYZER\services\quantitative\block104_eros_command_center.py                      120
D:\Users\User\Desktop\AI_STOCK_ANALYZER\services\quantitative\block104_eros_command_center.py                      123
D:\Users\User\Desktop\AI_STOCK_ANALYZER\services\quantitative\block104_eros_command_center.py                      126
D:\Users\User\Desktop\AI_STOCK_ANALYZER\services\quantitative\block104_eros_command_center.py                      129
D:\Users\User\Desktop\AI_STOCK_ANALYZER\services\quantitative\block104_eros_command_center.py                      178
D:\Users\User\Desktop\AI_STOCK_ANALYZER\services\quantitative\block104_eros_command_center.py                      198
D:\Users\User\Desktop\AI_STOCK_ANALYZER\services\quantitative\block104_eros_command_center.py                      212
D:\Users\User\Desktop\AI_STOCK_ANALYZER\services\quantitative\block104_eros_command_center.py                      214
D:\Users\User\Desktop\AI_STOCK_ANALYZER\services\quantitative\block104_eros_command_center.py                      217
D:\Users\User\Desktop\AI_STOCK_ANALYZER\services\quantitative\block104_eros_command_center.py                      224
D:\Users\User\Desktop\AI_STOCK_ANALYZER\dashboard\eros_command_center.py                                            73
D:\Users\User\Desktop\AI_STOCK_ANALYZER\dashboard\eros_command_center.py                                            76
D:\Users\User\Desktop\AI_STOCK_ANALYZER\dashboard\eros_command_center.py                                            78
D:\Users\User\Desktop\AI_STOCK_ANALYZER\dashboard\eros_command_center.py                                            84
D:\Users\User\Desktop\AI_STOCK_ANALYZER\dashboard\eros_command_center.py                                            90
D:\Users\User\Desktop\AI_STOCK_ANALYZER\dashboard\eros_command_center.py                                            97
D:\Users\User\Desktop\AI_STOCK_ANALYZER\dashboard\eros_command_center.py                                           104
D:\Users\User\Desktop\AI_STOCK_ANALYZER\dashboard\eros_command_center.py                                           109
D:\Users\User\Desktop\AI_STOCK_ANALYZER\dashboard\eros_command_center.py                                           110
D:\Users\User\Desktop\AI_STOCK_ANALYZER\dashboard\eros_command_center.py                                           111
D:\Users\User\Desktop\AI_STOCK_ANALYZER\dashboard\eros_command_center.py                                           112
D:\Users\User\Desktop\AI_STOCK_ANALYZER\dashboard\eros_command_center.py                                           115
D:\Users\User\Desktop\AI_STOCK_ANALYZER\dashboard\eros_command_center.py                                           120
D:\Users\User\Desktop\AI_STOCK_ANALYZER\services\quantitative\block100_paper_execution_fill_gate.py                169
D:\Users\User\Desktop\AI_STOCK_ANALYZER\services\quantitative\block100_paper_execution_fill_gate.py                170
D:\Users\User\Desktop\AI_STOCK_ANALYZER\services\quantitative\block100_paper_execution_fill_gate.py                323
D:\Users\User\Desktop\AI_STOCK_ANALYZER\services\quantitative\block100_paper_execution_fill_gate.py                439
D:\Users\User\Desktop\AI_STOCK_ANALYZER\services\quantitative\block100_paper_execution_fill_gate.py                440
D:\Users\User\Desktop\AI_STOCK_ANALYZER\services\quantitative\block100_paper_execution_fill_gate.py                443
D:\Users\User\Desktop\AI_STOCK_ANALYZER\services\quantitative\block100_paper_execution_fill_gate.py                445
D:\Users\User\Desktop\AI_STOCK_ANALYZER\services\quantitative\block100_paper_execution_fill_gate.py                586
D:\Users\User\Desktop\AI_STOCK_ANALYZER\services\quantitative\block100_paper_execution_fill_gate.py                587
D:\Users\User\Desktop\AI_STOCK_ANALYZER\services\quantitative\block100_paper_execution_fill_gate.py                639
D:\Users\User\Desktop\AI_STOCK_ANALYZER\services\quantitative\block101_execution_evidence_reconciliation.py        383
D:\Users\User\Desktop\AI_STOCK_ANALYZER\services\quantitative\block102_frontend_contract.py                        156
D:\Users\User\Desktop\AI_STOCK_ANALYZER\services\quantitative\block102_frontend_contract.py                        170
D:\Users\User\Desktop\AI_STOCK_ANALYZER\services\quantitative\block103_institutional_frontend_read_model.py        218
D:\Users\User\Desktop\AI_STOCK_ANALYZER\services\quantitative\block103_institutional_frontend_read_model.py        236
D:\Users\User\Desktop\AI_STOCK_ANALYZER\dashboard\eros_command_center.py                                           191
D:\Users\User\Desktop\AI_STOCK_ANALYZER\dashboard\eros_command_center.py                                           192
D:\Users\User\Desktop\AI_STOCK_ANALYZER\services\quantitative\block100_paper_execution_fill_gate.py                 20
D:\Users\User\Desktop\AI_STOCK_ANALYZER\services\quantitative\block100_paper_execution_fill_gate.py                 64
D:\Users\User\Desktop\AI_STOCK_ANALYZER\services\quantitative\block100_paper_execution_fill_gate.py                 78
D:\Users\User\Desktop\AI_STOCK_ANALYZER\services\quantitative\block100_paper_execution_fill_gate.py                 80
D:\Users\User\Desktop\AI_STOCK_ANALYZER\services\quantitative\block100_paper_execution_fill_gate.py                 94
D:\Users\User\Desktop\AI_STOCK_ANALYZER\services\quantitative\block100_paper_execution_fill_gate.py                 95
D:\Users\User\Desktop\AI_STOCK_ANALYZER\services\quantitative\block100_paper_execution_fill_gate.py                132
D:\Users\User\Desktop\AI_STOCK_ANALYZER\services\quantitative\block100_paper_execution_fill_gate.py                133
D:\Users\User\Desktop\AI_STOCK_ANALYZER\services\quantitative\block100_paper_execution_fill_gate.py                136
D:\Users\User\Desktop\AI_STOCK_ANALYZER\services\quantitative\block100_paper_execution_fill_gate.py                207
D:\Users\User\Desktop\AI_STOCK_ANALYZER\services\quantitative\block100_paper_execution_fill_gate.py                248
D:\Users\User\Desktop\AI_STOCK_ANALYZER\services\quantitative\block100_paper_execution_fill_gate.py                261
D:\Users\User\Desktop\AI_STOCK_ANALYZER\services\quantitative\block100_paper_execution_fill_gate.py                263
D:\Users\User\Desktop\AI_STOCK_ANALYZER\services\quantitative\block100_paper_execution_fill_gate.py                268
D:\Users\User\Desktop\AI_STOCK_ANALYZER\services\quantitative\block100_paper_execution_fill_gate.py                271
D:\Users\User\Desktop\AI_STOCK_ANALYZER\services\quantitative\block100_paper_execution_fill_gate.py                277
D:\Users\User\Desktop\AI_STOCK_ANALYZER\services\quantitative\block100_paper_execution_fill_gate.py                324
D:\Users\User\Desktop\AI_STOCK_ANALYZER\services\quantitative\block100_paper_execution_fill_gate.py                332
D:\Users\User\Desktop\AI_STOCK_ANALYZER\services\quantitative\block100_paper_execution_fill_gate.py                448
D:\Users\User\Desktop\AI_STOCK_ANALYZER\services\quantitative\block100_paper_execution_fill_gate.py                449
D:\Users\User\Desktop\AI_STOCK_ANALYZER\services\quantitative\block100_paper_execution_fill_gate.py                452
D:\Users\User\Desktop\AI_STOCK_ANALYZER\services\quantitative\block100_paper_execution_fill_gate.py                454
D:\Users\User\Desktop\AI_STOCK_ANALYZER\services\quantitative\block100_paper_execution_fill_gate.py                471
D:\Users\User\Desktop\AI_STOCK_ANALYZER\services\quantitative\block100_paper_execution_fill_gate.py                489
D:\Users\User\Desktop\AI_STOCK_ANALYZER\services\quantitative\block100_paper_execution_fill_gate.py                589
D:\Users\User\Desktop\AI_STOCK_ANALYZER\services\quantitative\block100_paper_execution_fill_gate.py                590
D:\Users\User\Desktop\AI_STOCK_ANALYZER\services\quantitative\block100_paper_execution_fill_gate.py                615
D:\Users\User\Desktop\AI_STOCK_ANALYZER\services\quantitative\block100_paper_execution_fill_gate.py                642
D:\Users\User\Desktop\AI_STOCK_ANALYZER\services\quantitative\block101_execution_evidence_reconciliation.py        228
D:\Users\User\Desktop\AI_STOCK_ANALYZER\services\quantitative\block101_execution_evidence_reconciliation.py        323
D:\Users\User\Desktop\AI_STOCK_ANALYZER\services\quantitative\block101_execution_evidence_reconciliation.py        384
D:\Users\User\Desktop\AI_STOCK_ANALYZER\services\quantitative\block101_execution_evidence_reconciliation.py        401
D:\Users\User\Desktop\AI_STOCK_ANALYZER\services\quantitative\block101_execution_evidence_reconciliation.py        402
D:\Users\User\Desktop\AI_STOCK_ANALYZER\services\quantitative\block102_frontend_contract.py                        128
D:\Users\User\Desktop\AI_STOCK_ANALYZER\services\quantitative\block102_frontend_contract.py                        129
D:\Users\User\Desktop\AI_STOCK_ANALYZER\services\quantitative\block102_frontend_contract.py                        130
D:\Users\User\Desktop\AI_STOCK_ANALYZER\services\quantitative\block102_frontend_contract.py                        152
D:\Users\User\Desktop\AI_STOCK_ANALYZER\services\quantitative\block102_frontend_contract.py                        157
D:\Users\User\Desktop\AI_STOCK_ANALYZER\services\quantitative\block102_frontend_contract.py                        171
D:\Users\User\Desktop\AI_STOCK_ANALYZER\services\quantitative\block102_frontend_contract.py                        184
D:\Users\User\Desktop\AI_STOCK_ANALYZER\services\quantitative\block102_frontend_contract.py                        185
D:\Users\User\Desktop\AI_STOCK_ANALYZER\services\quantitative\block103_institutional_frontend_read_model.py        189
D:\Users\User\Desktop\AI_STOCK_ANALYZER\services\quantitative\block103_institutional_frontend_read_model.py        214
D:\Users\User\Desktop\AI_STOCK_ANALYZER\services\quantitative\block103_institutional_frontend_read_model.py        219
D:\Users\User\Desktop\AI_STOCK_ANALYZER\services\quantitative\block103_institutional_frontend_read_model.py        237
D:\Users\User\Desktop\AI_STOCK_ANALYZER\services\quantitative\block103_institutional_frontend_read_model.py        250
D:\Users\User\Desktop\AI_STOCK_ANALYZER\services\quantitative\block103_institutional_frontend_read_model.py        251
D:\Users\User\Desktop\AI_STOCK_ANALYZER\dashboard\eros_command_center.py                                           174
D:\Users\User\Desktop\AI_STOCK_ANALYZER\dashboard\eros_command_center.py                                           176
D:\Users\User\Desktop\AI_STOCK_ANALYZER\dashboard\eros_command_center.py                                           196
D:\Users\User\Desktop\AI_STOCK_ANALYZER\dashboard\eros_command_center.py                                           197
D:\Users\User\Desktop\AI_STOCK_ANALYZER\dashboard\eros_command_center.py                                           268
D:\Users\User\Desktop\AI_STOCK_ANALYZER\dashboard\eros_command_center.py                                           269
D:\Users\User\Desktop\AI_STOCK_ANALYZER\services\quantitative\block100_paper_execution_fill_gate.py                173
D:\Users\User\Desktop\AI_STOCK_ANALYZER\services\quantitative\block100_paper_execution_fill_gate.py                175
D:\Users\User\Desktop\AI_STOCK_ANALYZER\services\quantitative\block100_paper_execution_fill_gate.py                177
D:\Users\User\Desktop\AI_STOCK_ANALYZER\services\quantitative\block100_paper_execution_fill_gate.py                189
D:\Users\User\Desktop\AI_STOCK_ANALYZER\services\quantitative\block100_paper_execution_fill_gate.py                192
D:\Users\User\Desktop\AI_STOCK_ANALYZER\services\quantitative\block100_paper_execution_fill_gate.py                193
D:\Users\User\Desktop\AI_STOCK_ANALYZER\services\quantitative\block100_paper_execution_fill_gate.py                197
D:\Users\User\Desktop\AI_STOCK_ANALYZER\services\quantitative\block100_paper_execution_fill_gate.py                238
D:\Users\User\Desktop\AI_STOCK_ANALYZER\services\quantitative\block100_paper_execution_fill_gate.py                244
D:\Users\User\Desktop\AI_STOCK_ANALYZER\services\quantitative\block100_paper_execution_fill_gate.py                325
D:\Users\User\Desktop\AI_STOCK_ANALYZER\services\quantitative\block100_paper_execution_fill_gate.py                326
D:\Users\User\Desktop\AI_STOCK_ANALYZER\services\quantitative\block100_paper_execution_fill_gate.py                457
D:\Users\User\Desktop\AI_STOCK_ANALYZER\services\quantitative\block100_paper_execution_fill_gate.py                459
D:\Users\User\Desktop\AI_STOCK_ANALYZER\services\quantitative\block100_paper_execution_fill_gate.py                461
D:\Users\User\Desktop\AI_STOCK_ANALYZER\services\quantitative\block100_paper_execution_fill_gate.py                466
D:\Users\User\Desktop\AI_STOCK_ANALYZER\services\quantitative\block100_paper_execution_fill_gate.py                468
D:\Users\User\Desktop\AI_STOCK_ANALYZER\services\quantitative\block100_paper_execution_fill_gate.py                472
D:\Users\User\Desktop\AI_STOCK_ANALYZER\services\quantitative\block100_paper_execution_fill_gate.py                474
D:\Users\User\Desktop\AI_STOCK_ANALYZER\services\quantitative\block100_paper_execution_fill_gate.py                593
D:\Users\User\Desktop\AI_STOCK_ANALYZER\services\quantitative\block100_paper_execution_fill_gate.py                595
D:\Users\User\Desktop\AI_STOCK_ANALYZER\services\quantitative\block100_paper_execution_fill_gate.py                597
D:\Users\User\Desktop\AI_STOCK_ANALYZER\services\quantitative\block100_paper_execution_fill_gate.py                602
D:\Users\User\Desktop\AI_STOCK_ANALYZER\services\quantitative\block100_paper_execution_fill_gate.py                646
D:\Users\User\Desktop\AI_STOCK_ANALYZER\services\quantitative\block100_paper_execution_fill_gate.py                648
D:\Users\User\Desktop\AI_STOCK_ANALYZER\services\quantitative\block101_execution_evidence_reconciliation.py         50
D:\Users\User\Desktop\AI_STOCK_ANALYZER\services\quantitative\block101_execution_evidence_reconciliation.py        159
D:\Users\User\Desktop\AI_STOCK_ANALYZER\services\quantitative\block101_execution_evidence_reconciliation.py        163
D:\Users\User\Desktop\AI_STOCK_ANALYZER\services\quantitative\block101_execution_evidence_reconciliation.py        168
D:\Users\User\Desktop\AI_STOCK_ANALYZER\services\quantitative\block101_execution_evidence_reconciliation.py        173
D:\Users\User\Desktop\AI_STOCK_ANALYZER\services\quantitative\block101_execution_evidence_reconciliation.py        178
D:\Users\User\Desktop\AI_STOCK_ANALYZER\services\quantitative\block101_execution_evidence_reconciliation.py        202
D:\Users\User\Desktop\AI_STOCK_ANALYZER\services\quantitative\block101_execution_evidence_reconciliation.py        210
D:\Users\User\Desktop\AI_STOCK_ANALYZER\services\quantitative\block101_execution_evidence_reconciliation.py        284
D:\Users\User\Desktop\AI_STOCK_ANALYZER\services\quantitative\block101_execution_evidence_reconciliation.py        288
D:\Users\User\Desktop\AI_STOCK_ANALYZER\services\quantitative\block101_execution_evidence_reconciliation.py        297
D:\Users\User\Desktop\AI_STOCK_ANALYZER\services\quantitative\block101_execution_evidence_reconciliation.py        341
D:\Users\User\Desktop\AI_STOCK_ANALYZER\services\quantitative\block101_execution_evidence_reconciliation.py        386
D:\Users\User\Desktop\AI_STOCK_ANALYZER\services\quantitative\block101_execution_evidence_reconciliation.py        387
D:\Users\User\Desktop\AI_STOCK_ANALYZER\services\quantitative\block101_execution_evidence_reconciliation.py        414
D:\Users\User\Desktop\AI_STOCK_ANALYZER\services\quantitative\block101_execution_evidence_reconciliation.py        415
D:\Users\User\Desktop\AI_STOCK_ANALYZER\services\quantitative\block102_frontend_contract.py                        158
D:\Users\User\Desktop\AI_STOCK_ANALYZER\services\quantitative\block102_frontend_contract.py                        172
D:\Users\User\Desktop\AI_STOCK_ANALYZER\services\quantitative\block102_frontend_contract.py                        173
D:\Users\User\Desktop\AI_STOCK_ANALYZER\services\quantitative\block102_frontend_contract.py                        175
D:\Users\User\Desktop\AI_STOCK_ANALYZER\services\quantitative\block102_frontend_contract.py                        176
D:\Users\User\Desktop\AI_STOCK_ANALYZER\services\quantitative\block102_frontend_contract.py                        201
D:\Users\User\Desktop\AI_STOCK_ANALYZER\services\quantitative\block102_frontend_contract.py                        202
D:\Users\User\Desktop\AI_STOCK_ANALYZER\services\quantitative\block103_institutional_frontend_read_model.py        220
D:\Users\User\Desktop\AI_STOCK_ANALYZER\services\quantitative\block103_institutional_frontend_read_model.py        238
D:\Users\User\Desktop\AI_STOCK_ANALYZER\services\quantitative\block103_institutional_frontend_read_model.py        239
D:\Users\User\Desktop\AI_STOCK_ANALYZER\services\quantitative\block103_institutional_frontend_read_model.py        241
D:\Users\User\Desktop\AI_STOCK_ANALYZER\services\quantitative\block103_institutional_frontend_read_model.py        242
D:\Users\User\Desktop\AI_STOCK_ANALYZER\services\quantitative\block103_institutional_frontend_read_model.py        271
D:\Users\User\Desktop\AI_STOCK_ANALYZER\services\quantitative\block103_institutional_frontend_read_model.py        272
D:\Users\User\Desktop\AI_STOCK_ANALYZER\dashboard\eros_command_center.py                                           201
D:\Users\User\Desktop\AI_STOCK_ANALYZER\dashboard\eros_command_center.py                                           202
D:\Users\User\Desktop\AI_STOCK_ANALYZER\dashboard\eros_command_center.py                                           237
D:\Users\User\Desktop\AI_STOCK_ANALYZER\dashboard\eros_command_center.py                                           244
D:\Users\User\Desktop\AI_STOCK_ANALYZER\dashboard\eros_command_center.py                                           283
D:\Users\User\Desktop\AI_STOCK_ANALYZER\dashboard\eros_command_center.py                                           285
D:\Users\User\Desktop\AI_STOCK_ANALYZER\services\quantitative\block100_paper_execution_fill_gate.py                182
D:\Users\User\Desktop\AI_STOCK_ANALYZER\services\quantitative\block100_paper_execution_fill_gate.py                184
D:\Users\User\Desktop\AI_STOCK_ANALYZER\services\quantitative\block100_paper_execution_fill_gate.py                190
D:\Users\User\Desktop\AI_STOCK_ANALYZER\services\quantitative\block100_paper_execution_fill_gate.py                212
D:\Users\User\Desktop\AI_STOCK_ANALYZER\services\quantitative\block100_paper_execution_fill_gate.py                224
D:\Users\User\Desktop\AI_STOCK_ANALYZER\services\quantitative\block100_paper_execution_fill_gate.py                245
D:\Users\User\Desktop\AI_STOCK_ANALYZER\services\quantitative\block100_paper_execution_fill_gate.py                327
D:\Users\User\Desktop\AI_STOCK_ANALYZER\services\quantitative\block100_paper_execution_fill_gate.py                477
D:\Users\User\Desktop\AI_STOCK_ANALYZER\services\quantitative\block100_paper_execution_fill_gate.py                479
D:\Users\User\Desktop\AI_STOCK_ANALYZER\services\quantitative\block100_paper_execution_fill_gate.py                484
D:\Users\User\Desktop\AI_STOCK_ANALYZER\services\quantitative\block100_paper_execution_fill_gate.py                486
D:\Users\User\Desktop\AI_STOCK_ANALYZER\services\quantitative\block100_paper_execution_fill_gate.py                490
D:\Users\User\Desktop\AI_STOCK_ANALYZER\services\quantitative\block100_paper_execution_fill_gate.py                492
D:\Users\User\Desktop\AI_STOCK_ANALYZER\services\quantitative\block100_paper_execution_fill_gate.py                604
D:\Users\User\Desktop\AI_STOCK_ANALYZER\services\quantitative\block100_paper_execution_fill_gate.py                606
D:\Users\User\Desktop\AI_STOCK_ANALYZER\services\quantitative\block100_paper_execution_fill_gate.py                655
D:\Users\User\Desktop\AI_STOCK_ANALYZER\services\quantitative\block101_execution_evidence_reconciliation.py        181
D:\Users\User\Desktop\AI_STOCK_ANALYZER\services\quantitative\block101_execution_evidence_reconciliation.py        182
D:\Users\User\Desktop\AI_STOCK_ANALYZER\services\quantitative\block101_execution_evidence_reconciliation.py        185
D:\Users\User\Desktop\AI_STOCK_ANALYZER\services\quantitative\block101_execution_evidence_reconciliation.py        187
D:\Users\User\Desktop\AI_STOCK_ANALYZER\services\quantitative\block101_execution_evidence_reconciliation.py        390
D:\Users\User\Desktop\AI_STOCK_ANALYZER\services\quantitative\block101_execution_evidence_reconciliation.py        391
D:\Users\User\Desktop\AI_STOCK_ANALYZER\services\quantitative\block102_frontend_contract.py                        159
D:\Users\User\Desktop\AI_STOCK_ANALYZER\services\quantitative\block102_frontend_contract.py                        160
D:\Users\User\Desktop\AI_STOCK_ANALYZER\services\quantitative\block102_frontend_contract.py                        178
D:\Users\User\Desktop\AI_STOCK_ANALYZER\services\quantitative\block102_frontend_contract.py                        179
D:\Users\User\Desktop\AI_STOCK_ANALYZER\services\quantitative\block103_institutional_frontend_read_model.py        221
D:\Users\User\Desktop\AI_STOCK_ANALYZER\services\quantitative\block103_institutional_frontend_read_model.py        222
D:\Users\User\Desktop\AI_STOCK_ANALYZER\services\quantitative\block103_institutional_frontend_read_model.py        244
D:\Users\User\Desktop\AI_STOCK_ANALYZER\services\quantitative\block103_institutional_frontend_read_model.py        245
D:\Users\User\Desktop\AI_STOCK_ANALYZER\dashboard\eros_command_center.py                                           207
D:\Users\User\Desktop\AI_STOCK_ANALYZER\dashboard\eros_command_center.py                                           252
D:\Users\User\Desktop\AI_STOCK_ANALYZER\services\quantitative\block100_paper_execution_fill_gate.py                211
D:\Users\User\Desktop\AI_STOCK_ANALYZER\services\quantitative\block100_paper_execution_fill_gate.py                223
D:\Users\User\Desktop\AI_STOCK_ANALYZER\services\quantitative\block100_paper_execution_fill_gate.py                232
D:\Users\User\Desktop\AI_STOCK_ANALYZER\services\quantitative\block100_paper_execution_fill_gate.py                233
D:\Users\User\Desktop\AI_STOCK_ANALYZER\services\quantitative\block100_paper_execution_fill_gate.py                239
D:\Users\User\Desktop\AI_STOCK_ANALYZER\services\quantitative\block100_paper_execution_fill_gate.py                328
D:\Users\User\Desktop\AI_STOCK_ANALYZER\services\quantitative\block100_paper_execution_fill_gate.py                611
D:\Users\User\Desktop\AI_STOCK_ANALYZER\services\quantitative\block101_execution_evidence_reconciliation.py        190
D:\Users\User\Desktop\AI_STOCK_ANALYZER\services\quantitative\block101_execution_evidence_reconciliation.py        191
D:\Users\User\Desktop\AI_STOCK_ANALYZER\services\quantitative\block101_execution_evidence_reconciliation.py        195
D:\Users\User\Desktop\AI_STOCK_ANALYZER\services\quantitative\block101_execution_evidence_reconciliation.py        213
D:\Users\User\Desktop\AI_STOCK_ANALYZER\services\quantitative\block101_execution_evidence_reconciliation.py        307
D:\Users\User\Desktop\AI_STOCK_ANALYZER\services\quantitative\block101_execution_evidence_reconciliation.py        392
D:\Users\User\Desktop\AI_STOCK_ANALYZER\services\quantitative\block101_execution_evidence_reconciliation.py        393
D:\Users\User\Desktop\AI_STOCK_ANALYZER\services\quantitative\block102_frontend_contract.py                        181
D:\Users\User\Desktop\AI_STOCK_ANALYZER\services\quantitative\block103_institutional_frontend_read_model.py        247
D:\Users\User\Desktop\AI_STOCK_ANALYZER\dashboard\eros_command_center.py                                           257

>>> filled_quantity
D:\Users\User\Desktop\AI_STOCK_ANALYZER\services\quantitative\block100_paper_execution_fill_gate.py                192
D:\Users\User\Desktop\AI_STOCK_ANALYZER\services\quantitative\block100_paper_execution_fill_gate.py                197
D:\Users\User\Desktop\AI_STOCK_ANALYZER\services\quantitative\block100_paper_execution_fill_gate.py                238
D:\Users\User\Desktop\AI_STOCK_ANALYZER\services\quantitative\block100_paper_execution_fill_gate.py                244
D:\Users\User\Desktop\AI_STOCK_ANALYZER\services\quantitative\block100_paper_execution_fill_gate.py                326
D:\Users\User\Desktop\AI_STOCK_ANALYZER\services\quantitative\block100_paper_execution_fill_gate.py                602
D:\Users\User\Desktop\AI_STOCK_ANALYZER\services\quantitative\block101_execution_evidence_reconciliation.py        163
D:\Users\User\Desktop\AI_STOCK_ANALYZER\services\quantitative\block101_execution_evidence_reconciliation.py        173
D:\Users\User\Desktop\AI_STOCK_ANALYZER\services\quantitative\block101_execution_evidence_reconciliation.py        178
D:\Users\User\Desktop\AI_STOCK_ANALYZER\services\quantitative\block101_execution_evidence_reconciliation.py        202
D:\Users\User\Desktop\AI_STOCK_ANALYZER\services\quantitative\block101_execution_evidence_reconciliation.py        288
D:\Users\User\Desktop\AI_STOCK_ANALYZER\services\quantitative\block101_execution_evidence_reconciliation.py        387
D:\Users\User\Desktop\AI_STOCK_ANALYZER\services\quantitative\block102_frontend_contract.py                        175
D:\Users\User\Desktop\AI_STOCK_ANALYZER\services\quantitative\block102_frontend_contract.py                        176
D:\Users\User\Desktop\AI_STOCK_ANALYZER\services\quantitative\block103_institutional_frontend_read_model.py        241
D:\Users\User\Desktop\AI_STOCK_ANALYZER\services\quantitative\block103_institutional_frontend_read_model.py        242
D:\Users\User\Desktop\AI_STOCK_ANALYZER\dashboard\eros_command_center.py                                           244

>>> fill_status
D:\Users\User\Desktop\AI_STOCK_ANALYZER\services\quantitative\block100_paper_execution_fill_gate.py                281
D:\Users\User\Desktop\AI_STOCK_ANALYZER\services\quantitative\block100_paper_execution_fill_gate.py                289
D:\Users\User\Desktop\AI_STOCK_ANALYZER\services\quantitative\block100_paper_execution_fill_gate.py                334
D:\Users\User\Desktop\AI_STOCK_ANALYZER\services\quantitative\block100_paper_execution_fill_gate.py                617
D:\Users\User\Desktop\AI_STOCK_ANALYZER\services\quantitative\block101_execution_evidence_reconciliation.py        145
D:\Users\User\Desktop\AI_STOCK_ANALYZER\services\quantitative\block101_execution_evidence_reconciliation.py        146
D:\Users\User\Desktop\AI_STOCK_ANALYZER\services\quantitative\block101_execution_evidence_reconciliation.py        149
D:\Users\User\Desktop\AI_STOCK_ANALYZER\services\quantitative\block101_execution_evidence_reconciliation.py        155
D:\Users\User\Desktop\AI_STOCK_ANALYZER\services\quantitative\block101_execution_evidence_reconciliation.py        194
D:\Users\User\Desktop\AI_STOCK_ANALYZER\services\quantitative\block101_execution_evidence_reconciliation.py        205
D:\Users\User\Desktop\AI_STOCK_ANALYZER\services\quantitative\block101_execution_evidence_reconciliation.py        218
D:\Users\User\Desktop\AI_STOCK_ANALYZER\services\quantitative\block101_execution_evidence_reconciliation.py        279
D:\Users\User\Desktop\AI_STOCK_ANALYZER\services\quantitative\block101_execution_evidence_reconciliation.py        280
D:\Users\User\Desktop\AI_STOCK_ANALYZER\services\quantitative\block101_execution_evidence_reconciliation.py        300
D:\Users\User\Desktop\AI_STOCK_ANALYZER\services\quantitative\block101_execution_evidence_reconciliation.py        306
D:\Users\User\Desktop\AI_STOCK_ANALYZER\services\quantitative\block101_execution_evidence_reconciliation.py        406
D:\Users\User\Desktop\AI_STOCK_ANALYZER\services\quantitative\block102_frontend_contract.py                        182
D:\Users\User\Desktop\AI_STOCK_ANALYZER\services\quantitative\block103_institutional_frontend_read_model.py        248
D:\Users\User\Desktop\AI_STOCK_ANALYZER\dashboard\eros_command_center.py                                           230

>>> slippage_bps
D:\Users\User\Desktop\AI_STOCK_ANALYZER\services\quantitative\block100_paper_execution_fill_gate.py                 62
D:\Users\User\Desktop\AI_STOCK_ANALYZER\services\quantitative\block100_paper_execution_fill_gate.py                 63
D:\Users\User\Desktop\AI_STOCK_ANALYZER\services\quantitative\block100_paper_execution_fill_gate.py                 68
D:\Users\User\Desktop\AI_STOCK_ANALYZER\services\quantitative\block100_paper_execution_fill_gate.py                 70
D:\Users\User\Desktop\AI_STOCK_ANALYZER\services\quantitative\block100_paper_execution_fill_gate.py                 73
D:\Users\User\Desktop\AI_STOCK_ANALYZER\services\quantitative\block100_paper_execution_fill_gate.py                 75
D:\Users\User\Desktop\AI_STOCK_ANALYZER\services\quantitative\block100_paper_execution_fill_gate.py                 88
D:\Users\User\Desktop\AI_STOCK_ANALYZER\services\quantitative\block100_paper_execution_fill_gate.py                 89
D:\Users\User\Desktop\AI_STOCK_ANALYZER\services\quantitative\block100_paper_execution_fill_gate.py                 91
D:\Users\User\Desktop\AI_STOCK_ANALYZER\services\quantitative\block100_paper_execution_fill_gate.py                 92
D:\Users\User\Desktop\AI_STOCK_ANALYZER\services\quantitative\block100_paper_execution_fill_gate.py                208
D:\Users\User\Desktop\AI_STOCK_ANALYZER\services\quantitative\block100_paper_execution_fill_gate.py                209
D:\Users\User\Desktop\AI_STOCK_ANALYZER\services\quantitative\block100_paper_execution_fill_gate.py                215
D:\Users\User\Desktop\AI_STOCK_ANALYZER\services\quantitative\block100_paper_execution_fill_gate.py                220
D:\Users\User\Desktop\AI_STOCK_ANALYZER\services\quantitative\block100_paper_execution_fill_gate.py                221
D:\Users\User\Desktop\AI_STOCK_ANALYZER\services\quantitative\block100_paper_execution_fill_gate.py                227
D:\Users\User\Desktop\AI_STOCK_ANALYZER\services\quantitative\block100_paper_execution_fill_gate.py                331
D:\Users\User\Desktop\AI_STOCK_ANALYZER\services\quantitative\block100_paper_execution_fill_gate.py                614
D:\Users\User\Desktop\AI_STOCK_ANALYZER\services\quantitative\block101_execution_evidence_reconciliation.py        227
D:\Users\User\Desktop\AI_STOCK_ANALYZER\services\quantitative\block101_execution_evidence_reconciliation.py        322
D:\Users\User\Desktop\AI_STOCK_ANALYZER\services\quantitative\block101_execution_evidence_reconciliation.py        399
D:\Users\User\Desktop\AI_STOCK_ANALYZER\services\quantitative\block101_execution_evidence_reconciliation.py        400
D:\Users\User\Desktop\AI_STOCK_ANALYZER\services\quantitative\block102_frontend_contract.py                        183
D:\Users\User\Desktop\AI_STOCK_ANALYZER\services\quantitative\block103_institutional_frontend_read_model.py        249
D:\Users\User\Desktop\AI_STOCK_ANALYZER\dashboard\eros_command_center.py                                           263

>>> transaction_cost
D:\Users\User\Desktop\AI_STOCK_ANALYZER\services\quantitative\block100_paper_execution_fill_gate.py                 64
D:\Users\User\Desktop\AI_STOCK_ANALYZER\services\quantitative\block100_paper_execution_fill_gate.py                 78
D:\Users\User\Desktop\AI_STOCK_ANALYZER\services\quantitative\block100_paper_execution_fill_gate.py                 80
D:\Users\User\Desktop\AI_STOCK_ANALYZER\services\quantitative\block100_paper_execution_fill_gate.py                 94
D:\Users\User\Desktop\AI_STOCK_ANALYZER\services\quantitative\block100_paper_execution_fill_gate.py                 95
D:\Users\User\Desktop\AI_STOCK_ANALYZER\services\quantitative\block100_paper_execution_fill_gate.py                261
D:\Users\User\Desktop\AI_STOCK_ANALYZER\services\quantitative\block100_paper_execution_fill_gate.py                263
D:\Users\User\Desktop\AI_STOCK_ANALYZER\services\quantitative\block100_paper_execution_fill_gate.py                271
D:\Users\User\Desktop\AI_STOCK_ANALYZER\services\quantitative\block100_paper_execution_fill_gate.py                277
D:\Users\User\Desktop\AI_STOCK_ANALYZER\services\quantitative\block100_paper_execution_fill_gate.py                332
D:\Users\User\Desktop\AI_STOCK_ANALYZER\services\quantitative\block100_paper_execution_fill_gate.py                615
D:\Users\User\Desktop\AI_STOCK_ANALYZER\services\quantitative\block101_execution_evidence_reconciliation.py        228
D:\Users\User\Desktop\AI_STOCK_ANALYZER\services\quantitative\block101_execution_evidence_reconciliation.py        323
D:\Users\User\Desktop\AI_STOCK_ANALYZER\services\quantitative\block101_execution_evidence_reconciliation.py        401
D:\Users\User\Desktop\AI_STOCK_ANALYZER\services\quantitative\block101_execution_evidence_reconciliation.py        402
D:\Users\User\Desktop\AI_STOCK_ANALYZER\services\quantitative\block102_frontend_contract.py                        184
D:\Users\User\Desktop\AI_STOCK_ANALYZER\services\quantitative\block102_frontend_contract.py                        185
D:\Users\User\Desktop\AI_STOCK_ANALYZER\services\quantitative\block103_institutional_frontend_read_model.py        250
D:\Users\User\Desktop\AI_STOCK_ANALYZER\services\quantitative\block103_institutional_frontend_read_model.py        251
D:\Users\User\Desktop\AI_STOCK_ANALYZER\dashboard\eros_command_center.py                                           269

>>> net_value
D:\Users\User\Desktop\AI_STOCK_ANALYZER\services\quantitative\block100_paper_execution_fill_gate.py                269
D:\Users\User\Desktop\AI_STOCK_ANALYZER\services\quantitative\block100_paper_execution_fill_gate.py                275
D:\Users\User\Desktop\AI_STOCK_ANALYZER\services\quantitative\block100_paper_execution_fill_gate.py                333
D:\Users\User\Desktop\AI_STOCK_ANALYZER\services\quantitative\block100_paper_execution_fill_gate.py                616
D:\Users\User\Desktop\AI_STOCK_ANALYZER\services\quantitative\block101_execution_evidence_reconciliation.py        229
D:\Users\User\Desktop\AI_STOCK_ANALYZER\services\quantitative\block101_execution_evidence_reconciliation.py        314
D:\Users\User\Desktop\AI_STOCK_ANALYZER\services\quantitative\block101_execution_evidence_reconciliation.py        403
D:\Users\User\Desktop\AI_STOCK_ANALYZER\services\quantitative\block101_execution_evidence_reconciliation.py        404
D:\Users\User\Desktop\AI_STOCK_ANALYZER\services\quantitative\block102_frontend_contract.py                        187
D:\Users\User\Desktop\AI_STOCK_ANALYZER\services\quantitative\block103_institutional_frontend_read_model.py        253

>>> execution_blocked
D:\Users\User\Desktop\AI_STOCK_ANALYZER\services\quantitative\block100_paper_execution_fill_gate.py                 18
D:\Users\User\Desktop\AI_STOCK_ANALYZER\services\quantitative\block100_paper_execution_fill_gate.py                345
D:\Users\User\Desktop\AI_STOCK_ANALYZER\services\quantitative\block100_paper_execution_fill_gate.py                524
D:\Users\User\Desktop\AI_STOCK_ANALYZER\services\quantitative\block100_paper_execution_fill_gate.py                562
D:\Users\User\Desktop\AI_STOCK_ANALYZER\services\quantitative\block100_paper_execution_fill_gate.py                624
D:\Users\User\Desktop\AI_STOCK_ANALYZER\services\quantitative\block101_execution_evidence_reconciliation.py        260
D:\Users\User\Desktop\AI_STOCK_ANALYZER\services\quantitative\block101_execution_evidence_reconciliation.py        431
D:\Users\User\Desktop\AI_STOCK_ANALYZER\services\quantitative\block101_execution_evidence_reconciliation.py        473
D:\Users\User\Desktop\AI_STOCK_ANALYZER\services\quantitative\block102_frontend_contract.py                         37
D:\Users\User\Desktop\AI_STOCK_ANALYZER\services\quantitative\block102_frontend_contract.py                         89
D:\Users\User\Desktop\AI_STOCK_ANALYZER\services\quantitative\block102_frontend_contract.py                         90
D:\Users\User\Desktop\AI_STOCK_ANALYZER\services\quantitative\block103_institutional_frontend_read_model.py        132
D:\Users\User\Desktop\AI_STOCK_ANALYZER\services\quantitative\block103_institutional_frontend_read_model.py        133
D:\Users\User\Desktop\AI_STOCK_ANALYZER\services\quantitative\block103_institutional_frontend_read_model.py        153
D:\Users\User\Desktop\AI_STOCK_ANALYZER\services\quantitative\block103_institutional_frontend_read_model.py        154
D:\Users\User\Desktop\AI_STOCK_ANALYZER\services\quantitative\block103_institutional_frontend_read_model.py        332
D:\Users\User\Desktop\AI_STOCK_ANALYZER\services\quantitative\block103_institutional_frontend_read_model.py        333
D:\Users\User\Desktop\AI_STOCK_ANALYZER\services\quantitative\block104_eros_command_center.py                      126
D:\Users\User\Desktop\AI_STOCK_ANALYZER\services\quantitative\block104_eros_command_center.py                      127
D:\Users\User\Desktop\AI_STOCK_ANALYZER\services\quantitative\block104_eros_command_center.py                      218
D:\Users\User\Desktop\AI_STOCK_ANALYZER\services\quantitative\block104_eros_command_center.py                      221
D:\Users\User\Desktop\AI_STOCK_ANALYZER\dashboard\eros_command_center.py                                            97
D:\Users\User\Desktop\AI_STOCK_ANALYZER\dashboard\eros_command_center.py                                           111

>>> non_mutation_invariant
D:\Users\User\Desktop\AI_STOCK_ANALYZER\services\quantitative\block100_paper_execution_fill_gate.py                342
D:\Users\User\Desktop\AI_STOCK_ANALYZER\services\quantitative\block100_paper_execution_fill_gate.py                503
D:\Users\User\Desktop\AI_STOCK_ANALYZER\services\quantitative\block100_paper_execution_fill_gate.py                506
D:\Users\User\Desktop\AI_STOCK_ANALYZER\services\quantitative\block100_paper_execution_fill_gate.py                621
D:\Users\User\Desktop\AI_STOCK_ANALYZER\services\quantitative\block101_execution_evidence_reconciliation.py        239
D:\Users\User\Desktop\AI_STOCK_ANALYZER\services\quantitative\block101_execution_evidence_reconciliation.py        242
D:\Users\User\Desktop\AI_STOCK_ANALYZER\services\quantitative\block101_execution_evidence_reconciliation.py        425
D:\Users\User\Desktop\AI_STOCK_ANALYZER\services\quantitative\block101_execution_evidence_reconciliation.py        470
D:\Users\User\Desktop\AI_STOCK_ANALYZER\services\quantitative\block102_frontend_contract.py                         38
D:\Users\User\Desktop\AI_STOCK_ANALYZER\services\quantitative\block103_institutional_frontend_read_model.py        135
D:\Users\User\Desktop\AI_STOCK_ANALYZER\services\quantitative\block103_institutional_frontend_read_model.py        136
D:\Users\User\Desktop\AI_STOCK_ANALYZER\services\quantitative\block103_institutional_frontend_read_model.py        335
D:\Users\User\Desktop\AI_STOCK_ANALYZER\services\quantitative\block103_institutional_frontend_read_model.py        336
D:\Users\User\Desktop\AI_STOCK_ANALYZER\services\quantitative\block104_eros_command_center.py                      129
D:\Users\User\Desktop\AI_STOCK_ANALYZER\services\quantitative\block104_eros_command_center.py                      130
D:\Users\User\Desktop\AI_STOCK_ANALYZER\services\quantitative\block104_eros_command_center.py                      225
D:\Users\User\Desktop\AI_STOCK_ANALYZER\dashboard\eros_command_center.py                                           104
D:\Users\User\Desktop\AI_STOCK_ANALYZER\dashboard\eros_command_center.py                                           112

>>> broker_submission
D:\Users\User\Desktop\AI_STOCK_ANALYZER\services\quantitative\block100_paper_execution_fill_gate.py                343
D:\Users\User\Desktop\AI_STOCK_ANALYZER\services\quantitative\block100_paper_execution_fill_gate.py                510
D:\Users\User\Desktop\AI_STOCK_ANALYZER\services\quantitative\block100_paper_execution_fill_gate.py                513
D:\Users\User\Desktop\AI_STOCK_ANALYZER\services\quantitative\block100_paper_execution_fill_gate.py                622
D:\Users\User\Desktop\AI_STOCK_ANALYZER\services\quantitative\block101_execution_evidence_reconciliation.py        246
D:\Users\User\Desktop\AI_STOCK_ANALYZER\services\quantitative\block101_execution_evidence_reconciliation.py        249
D:\Users\User\Desktop\AI_STOCK_ANALYZER\services\quantitative\block101_execution_evidence_reconciliation.py        427
D:\Users\User\Desktop\AI_STOCK_ANALYZER\services\quantitative\block101_execution_evidence_reconciliation.py        471
D:\Users\User\Desktop\AI_STOCK_ANALYZER\services\quantitative\block102_frontend_contract.py                         35
D:\Users\User\Desktop\AI_STOCK_ANALYZER\services\quantitative\block103_institutional_frontend_read_model.py        126
D:\Users\User\Desktop\AI_STOCK_ANALYZER\services\quantitative\block103_institutional_frontend_read_model.py        127
D:\Users\User\Desktop\AI_STOCK_ANALYZER\services\quantitative\block103_institutional_frontend_read_model.py        326
D:\Users\User\Desktop\AI_STOCK_ANALYZER\services\quantitative\block103_institutional_frontend_read_model.py        327
D:\Users\User\Desktop\AI_STOCK_ANALYZER\services\quantitative\block104_eros_command_center.py                      120
D:\Users\User\Desktop\AI_STOCK_ANALYZER\services\quantitative\block104_eros_command_center.py                      121
D:\Users\User\Desktop\AI_STOCK_ANALYZER\services\quantitative\block104_eros_command_center.py                      137
D:\Users\User\Desktop\AI_STOCK_ANALYZER\services\quantitative\block104_eros_command_center.py                      207
D:\Users\User\Desktop\AI_STOCK_ANALYZER\dashboard\eros_command_center.py                                            84
D:\Users\User\Desktop\AI_STOCK_ANALYZER\dashboard\eros_command_center.py                                           109

>>> live_order_submission
D:\Users\User\Desktop\AI_STOCK_ANALYZER\services\quantitative\block100_paper_execution_fill_gate.py                344
D:\Users\User\Desktop\AI_STOCK_ANALYZER\services\quantitative\block100_paper_execution_fill_gate.py                517
D:\Users\User\Desktop\AI_STOCK_ANALYZER\services\quantitative\block100_paper_execution_fill_gate.py                520
D:\Users\User\Desktop\AI_STOCK_ANALYZER\services\quantitative\block100_paper_execution_fill_gate.py                623
D:\Users\User\Desktop\AI_STOCK_ANALYZER\services\quantitative\block101_execution_evidence_reconciliation.py        253
D:\Users\User\Desktop\AI_STOCK_ANALYZER\services\quantitative\block101_execution_evidence_reconciliation.py        256
D:\Users\User\Desktop\AI_STOCK_ANALYZER\services\quantitative\block101_execution_evidence_reconciliation.py        429
D:\Users\User\Desktop\AI_STOCK_ANALYZER\services\quantitative\block101_execution_evidence_reconciliation.py        472
D:\Users\User\Desktop\AI_STOCK_ANALYZER\services\quantitative\block102_frontend_contract.py                         36
D:\Users\User\Desktop\AI_STOCK_ANALYZER\services\quantitative\block103_institutional_frontend_read_model.py        129
D:\Users\User\Desktop\AI_STOCK_ANALYZER\services\quantitative\block103_institutional_frontend_read_model.py        329
D:\Users\User\Desktop\AI_STOCK_ANALYZER\services\quantitative\block103_institutional_frontend_read_model.py        330
D:\Users\User\Desktop\AI_STOCK_ANALYZER\services\quantitative\block104_eros_command_center.py                      123
D:\Users\User\Desktop\AI_STOCK_ANALYZER\services\quantitative\block104_eros_command_center.py                      124
D:\Users\User\Desktop\AI_STOCK_ANALYZER\services\quantitative\block104_eros_command_center.py                      208
D:\Users\User\Desktop\AI_STOCK_ANALYZER\dashboard\eros_command_center.py                                            90
D:\Users\User\Desktop\AI_STOCK_ANALYZER\dashboard\eros_command_center.py                                           110

>>> order_creation
D:\Users\User\Desktop\AI_STOCK_ANALYZER\services\quantitative\block102_frontend_contract.py                         34
D:\Users\User\Desktop\AI_STOCK_ANALYZER\services\quantitative\block103_institutional_frontend_read_model.py        123
D:\Users\User\Desktop\AI_STOCK_ANALYZER\services\quantitative\block103_institutional_frontend_read_model.py        124
D:\Users\User\Desktop\AI_STOCK_ANALYZER\services\quantitative\block103_institutional_frontend_read_model.py        325
D:\Users\User\Desktop\AI_STOCK_ANALYZER\services\quantitative\block104_eros_command_center.py                      117
D:\Users\User\Desktop\AI_STOCK_ANALYZER\services\quantitative\block104_eros_command_center.py                      118
D:\Users\User\Desktop\AI_STOCK_ANALYZER\services\quantitative\block104_eros_command_center.py                      136
D:\Users\User\Desktop\AI_STOCK_ANALYZER\services\quantitative\block104_eros_command_center.py                      206

>>> read_only
D:\Users\User\Desktop\AI_STOCK_ANALYZER\services\quantitative\block104_eros_command_center.py                      135
D:\Users\User\Desktop\AI_STOCK_ANALYZER\dashboard\eros_command_center.py                                           357

10. BLOCK 104 RUNTIME SIGNATURE
----------------------------------------------------------------------


11. BLOCK 103 RUNTIME SIGNATURE
----------------------------------------------------------------------


12. BLOCK 102 RUNTIME SIGNATURE
----------------------------------------------------------------------


13. BLOCK 101 RUNTIME SIGNATURE
----------------------------------------------------------------------


14. BLOCK 100 RUNTIME SIGNATURE
----------------------------------------------------------------------


15. RUNTIME OBJECT SHAPE TEST
----------------------------------------------------------------------


16. SAFETY INVARIANT EXTRACTION
----------------------------------------------------------------------

FILE: .\services\quantitative\block100_paper_execution_fill_gate.py
                                                                                                                    18
                                                                                                                    56
                                                                                                                   342
                                                                                                                   343
                                                                                                                   344
                                                                                                                   345
                                                                                                                   503
                                                                                                                   506
                                                                                                                   510
                                                                                                                   513
                                                                                                                   517
                                                                                                                   520
                                                                                                                   524
                                                                                                                   562
                                                                                                                   621
                                                                                                                   622
                                                                                                                   623
                                                                                                                   624

FILE: .\services\quantitative\block101_execution_evidence_reconciliation.py
                                                                                                                   239
                                                                                                                   242
                                                                                                                   246
                                                                                                                   249
                                                                                                                   253
                                                                                                                   256
                                                                                                                   260
                                                                                                                   425
                                                                                                                   427
                                                                                                                   429
                                                                                                                   431
                                                                                                                   470
                                                                                                                   471
                                                                                                                   472
                                                                                                                   473

FILE: .\services\quantitative\block102_frontend_contract.py
                                                                                                                    29
                                                                                                                    30
                                                                                                                    31
                                                                                                                    32
                                                                                                                    33
                                                                                                                    34
                                                                                                                    35
                                                                                                                    36
                                                                                                                    37
                                                                                                                    38
                                                                                                                    89
                                                                                                                    90

FILE: .\services\quantitative\block103_institutional_frontend_read_model.py
                                                                                                                   108
                                                                                                                   109
                                                                                                                   111
                                                                                                                   112
                                                                                                                   114
                                                                                                                   115
                                                                                                                   117
                                                                                                                   118
                                                                                                                   120
                                                                                                                   121
                                                                                                                   123
                                                                                                                   124
                                                                                                                   126
                                                                                                                   127
                                                                                                                   129
                                                                                                                   132
                                                                                                                   133
                                                                                                                   135
                                                                                                                   136
                                                                                                                   153
                                                                                                                   154
                                                                                                                   314
                                                                                                                   315
                                                                                                                   317
                                                                                                                   318
                                                                                                                   320
                                                                                                                   321
                                                                                                                   323
                                                                                                                   324
                                                                                                                   325
                                                                                                                   326
                                                                                                                   327
                                                                                                                   329
                                                                                                                   330
                                                                                                                   332
                                                                                                                   333
                                                                                                                   335
                                                                                                                   336

FILE: .\services\quantitative\block104_eros_command_center.py
                                                                                                                    24
                                                                                                                   102
                                                                                                                   103
                                                                                                                   105
                                                                                                                   106
                                                                                                                   108
                                                                                                                   109
                                                                                                                   111
                                                                                                                   112
                                                                                                                   114
                                                                                                                   115
                                                                                                                   117
                                                                                                                   118
                                                                                                                   120
                                                                                                                   121
                                                                                                                   123
                                                                                                                   124
                                                                                                                   126
                                                                                                                   127
                                                                                                                   129
                                                                                                                   130
                                                                                                                   135
                                                                                                                   136
                                                                                                                   137
                                                                                                                   139
                                                                                                                   140
                                                                                                                   141
                                                                                                                   142
                                                                                                                   143
                                                                                                                   201
                                                                                                                   202
                                                                                                                   203
                                                                                                                   204
                                                                                                                   205
                                                                                                                   206
                                                                                                                   207
                                                                                                                   208
                                                                                                                   218
                                                                                                                   221
                                                                                                                   225
                                                                                                                   228

FILE: .\dashboard\eros_command_center.py
                                                                                                                    84
                                                                                                                    90
                                                                                                                    97
                                                                                                                   104
                                                                                                                   109
                                                                                                                   110
                                                                                                                   111
                                                                                                                   112
                                                                                                                   354
                                                                                                                   357

17. TEST HARNESS INVENTORY
----------------------------------------------------------------------






















18. BLOCK 106 FILE CHECK
----------------------------------------------------------------------

19. CORRECTED BLOCK 106 REFERENCE SEARCH
----------------------------------------------------------------------

20. FINAL GIT / SAFETY STATE
----------------------------------------------------------------------
GIT STATUS:


HEAD:


LIVE BROKER                 : FALSE
LIVE EXECUTION              : FALSE
BLOCK 106 IMPLEMENTATION    : NOT STARTED
BLOCK 106 COMMIT            : NOT STARTED

======================================================================
       BLOCK 106 FINAL CONTRACT INSPECTION COMPLETE
======================================================================

**********************
Windows PowerShell transcript end
End time: 20260819225114
**********************
